FileName,Class
1-E1-Major 00.wav,sound_guitar
1-E1-Major 01.wav,sound_guitar
1-E1-Major 02.wav,sound_guitar
1-E1-Major 03.wav,sound_guitar
1-E1-Major 04.wav,sound_guitar
1-E1-Major 05.wav,sound_guitar
1-E1-Major 06.wav,sound_guitar
1-E1-Major 07.wav,sound_guitar
1-E1-Major 08.wav,sound_guitar
1-E1-Major 09.wav,sound_guitar
1-E1-Major 10.wav,sound_guitar
2-E1-Minor 00.wav,sound_guitar
2-E1-Minor 01.wav,sound_guitar
2-E1-Minor 02.wav,sound_guitar
2-E1-Minor 03.wav,sound_guitar
2-E1-Minor 04.wav,sound_guitar
2-E1-Minor 05.wav,sound_guitar
2-E1-Minor 06.wav,sound_guitar
2-E1-Minor 07.wav,sound_guitar
2-E1-Minor 08.wav,sound_guitar
AR_A_fret_0-20.wav,sound_guitar
AR_A_muted5.wav,sound_guitar
AR_B_fret_0-20.wav,sound_guitar
AR_B_muted5.wav,sound_guitar
AR_DN_III_VIII_XIV.wav,sound_guitar
AR_D_fret_0-20.wav,sound_guitar
AR_D_muted5.wav,sound_guitar
AR_E1_fret_0-20.wav,sound_guitar
AR_E1_muted5.wav,sound_guitar
AR_E_fret_0-20.wav,sound_guitar
AR_E_muted5.wav,sound_guitar
AR_G_fret_0-20.wav,sound_guitar
AR_G_muted5.wav,sound_guitar
AR_G_V_bending.wav,sound_guitar
AR_G_V_slide.wav,sound_guitar
AR_Lick10_FN.wav,sound_guitar
AR_Lick10_KN.wav,sound_guitar
AR_Lick10_MN.wav,sound_guitar
AR_Lick11_FN.wav,sound_guitar
AR_Lick11_KN.wav,sound_guitar
AR_Lick11_MN.wav,sound_guitar
AR_Lick12_FN.wav,sound_guitar
AR_Lick12_KN.wav,sound_guitar
AR_Lick12_MN.wav,sound_guitar
AR_Lick1_FN.wav,sound_guitar
AR_Lick1_FN_Lage.wav,sound_guitar
AR_Lick1_FVSDN.wav,sound_guitar
AR_Lick1_KN.wav,sound_guitar
AR_Lick1_KVSDN.wav,sound_guitar
AR_Lick1_MN.wav,sound_guitar
AR_Lick1_MVSDN.wav,sound_guitar
AR_Lick2_FN.wav,sound_guitar
AR_Lick2_FVSH.wav,sound_guitar
AR_Lick2_KN.wav,sound_guitar
AR_Lick2_KN_Lage.wav,sound_guitar
AR_Lick2_KVSH.wav,sound_guitar
AR_Lick2_MN.wav,sound_guitar
AR_Lick2_MVSH.wav,sound_guitar
AR_Lick3_FN.wav,sound_guitar
AR_Lick3_FSBDN.wav,sound_guitar
AR_Lick3_KN.wav,sound_guitar
AR_Lick3_KSBDN.wav,sound_guitar
AR_Lick3_MN.wav,sound_guitar
AR_Lick3_MN_Lage.wav,sound_guitar
AR_Lick3_MSBDN.wav,sound_guitar
AR_Lick4_FBSH.wav,sound_guitar
AR_Lick4_FN.wav,sound_guitar
AR_Lick4_FN_Lage2.wav,sound_guitar
AR_Lick4_KBSH.wav,sound_guitar
AR_Lick4_KN.wav,sound_guitar
AR_Lick4_MBSH.wav,sound_guitar
AR_Lick4_MN.wav,sound_guitar
AR_Lick5_FBVDN.wav,sound_guitar
AR_Lick5_FN.wav,sound_guitar
AR_Lick5_KBVDN.wav,sound_guitar
AR_Lick5_KN.wav,sound_guitar
AR_Lick5_KN_Lage2.wav,sound_guitar
AR_Lick5_MBVDN.wav,sound_guitar
AR_Lick5_MN.wav,sound_guitar
AR_Lick6_FHBV.wav,sound_guitar
AR_Lick6_FN.wav,sound_guitar
AR_Lick6_KHBV.wav,sound_guitar
AR_Lick6_KN.wav,sound_guitar
AR_Lick6_MHBV.wav,sound_guitar
AR_Lick6_MN.wav,sound_guitar
AR_Lick6_MN_Lage2.wav,sound_guitar
AR_Lick7_FN.wav,sound_guitar
AR_Lick7_FN_Lage.wav,sound_guitar
AR_Lick7_KN.wav,sound_guitar
AR_Lick7_KN_Lage.wav,sound_guitar
AR_Lick7_MN.wav,sound_guitar
AR_Lick7_MN_Lage.wav,sound_guitar
AR_Lick8_FN.wav,sound_guitar
AR_Lick8_KN.wav,sound_guitar
AR_Lick8_MN.wav,sound_guitar
AR_Lick9_FN.wav,sound_guitar
AR_Lick9_FN_Lage.wav,sound_guitar
AR_Lick9_KN.wav,sound_guitar
AR_Lick9_KN_Lage.wav,sound_guitar
AR_Lick9_MN.wav,sound_guitar
AR_Lick9_MN_Lage.wav,sound_guitar
AR_NH_IV.wav,sound_guitar
AR_NH_IX.wav,sound_guitar
AR_NH_V.wav,sound_guitar
AR_NH_VII.wav,sound_guitar
AR_NH_XII.wav,sound_guitar
AR_V_vibrato_slow-fast.wav,sound_guitar
classical_1_60BPM.wav,sound_guitar
classical_1_80BPM.wav,sound_guitar
classical_2_50BPM.wav,sound_guitar
classical_2_60BPM.wav,sound_guitar
classical_3_50BPM.wav,sound_guitar
classical_3_60BPM.wav,sound_guitar
classical_4_60BPM.wav,sound_guitar
classical_4_80BPM.wav,sound_guitar
classical_5_100BPM.wav,sound_guitar
classical_5_70BPM.wav,sound_guitar
classical_6_100BPM.wav,sound_guitar
classical_6_75BPM.wav,sound_guitar
classical_7_50BPM.wav,sound_guitar
classical_7_60BPM.wav,sound_guitar
classical_8_100BPM.wav,sound_guitar
classical_8_120BPM.wav,sound_guitar
country_1_110BPM.wav,sound_guitar
country_1_150BPM.wav,sound_guitar
country_2_110BPM.wav,sound_guitar
country_2_150BPM.wav,sound_guitar
country_3_100BPM.wav,sound_guitar
country_3_120BPM.wav,sound_guitar
country_4_100BPM.wav,sound_guitar
country_4_80BPM.wav,sound_guitar
country_5_100BPM.wav,sound_guitar
country_5_80BPM.wav,sound_guitar
folk_1_110BPM.wav,sound_guitar
folk_1_80BPM.wav,sound_guitar
folk_2_100BPM.wav,sound_guitar
folk_2_75BPM.wav,sound_guitar
folk_3_130BPM.wav,sound_guitar
folk_3_180BPM.wav,sound_guitar
FS_A_fret_0-20.wav,sound_guitar
FS_A_muted5.wav,sound_guitar
FS_B_fret_0-20.wav,sound_guitar
FS_B_muted5.wav,sound_guitar
FS_DN_III_VIII_XIV.wav,sound_guitar
FS_D_fret_0-20.wav,sound_guitar
FS_D_muted5.wav,sound_guitar
FS_E1_fret_0-20.wav,sound_guitar
FS_E1_muted5.wav,sound_guitar
FS_E_fret_0-20.wav,sound_guitar
FS_E_muted5.wav,sound_guitar
FS_G_fret_0-20.wav,sound_guitar
FS_G_muted5.wav,sound_guitar
FS_G_V_bending.wav,sound_guitar
FS_G_V_slide.wav,sound_guitar
FS_Lick10_FN.wav,sound_guitar
FS_Lick10_KN.wav,sound_guitar
FS_Lick10_MN.wav,sound_guitar
FS_Lick11_FN.wav,sound_guitar
FS_Lick11_KN.wav,sound_guitar
FS_Lick11_MN.wav,sound_guitar
FS_Lick12_FN.wav,sound_guitar
FS_Lick12_KN.wav,sound_guitar
FS_Lick12_MN.wav,sound_guitar
FS_Lick1_FN.wav,sound_guitar
FS_Lick1_FN_Lage.wav,sound_guitar
FS_Lick1_FVSDN.wav,sound_guitar
FS_Lick1_KN.wav,sound_guitar
FS_Lick1_KVSDN.wav,sound_guitar
FS_Lick1_MN.wav,sound_guitar
FS_Lick1_MVSDN.wav,sound_guitar
FS_Lick2_FN.wav,sound_guitar
FS_Lick2_FVSH.wav,sound_guitar
FS_Lick2_KN.wav,sound_guitar
FS_Lick2_KN_Lage.wav,sound_guitar
FS_Lick2_KVSH.wav,sound_guitar
FS_Lick2_MN.wav,sound_guitar
FS_Lick2_MVSH.wav,sound_guitar
FS_Lick3_FN.wav,sound_guitar
FS_Lick3_FSBDN.wav,sound_guitar
FS_Lick3_KN.wav,sound_guitar
FS_Lick3_KSBDN.wav,sound_guitar
FS_Lick3_MN.wav,sound_guitar
FS_Lick3_MN_Lage.wav,sound_guitar
FS_Lick3_MSBDN.wav,sound_guitar
FS_Lick4_FBSH.wav,sound_guitar
FS_Lick4_FN.wav,sound_guitar
FS_Lick4_FN_Lage2.wav,sound_guitar
FS_Lick4_KBSH.wav,sound_guitar
FS_Lick4_KN.wav,sound_guitar
FS_Lick4_MBSH.wav,sound_guitar
FS_Lick4_MN.wav,sound_guitar
FS_Lick5_FBVDN.wav,sound_guitar
FS_Lick5_FN.wav,sound_guitar
FS_Lick5_KBVDN.wav,sound_guitar
FS_Lick5_KN.wav,sound_guitar
FS_Lick5_KN_Lage2.wav,sound_guitar
FS_Lick5_MBVDN.wav,sound_guitar
FS_Lick5_MN.wav,sound_guitar
FS_Lick6_FHBV.wav,sound_guitar
FS_Lick6_FN.wav,sound_guitar
FS_Lick6_KHBV.wav,sound_guitar
FS_Lick6_KN.wav,sound_guitar
FS_Lick6_MHBV.wav,sound_guitar
FS_Lick6_MN.wav,sound_guitar
FS_Lick6_MN_Lage2.wav,sound_guitar
FS_Lick7_FN.wav,sound_guitar
FS_Lick7_FN_Lage.wav,sound_guitar
FS_Lick7_KN.wav,sound_guitar
FS_Lick7_KN_Lage.wav,sound_guitar
FS_Lick7_MN.wav,sound_guitar
FS_Lick7_MN_Lage.wav,sound_guitar
FS_Lick8_FN.wav,sound_guitar
FS_Lick8_KN.wav,sound_guitar
FS_Lick8_MN.wav,sound_guitar
FS_Lick9_FN.wav,sound_guitar
FS_Lick9_FN_Lage.wav,sound_guitar
FS_Lick9_KN.wav,sound_guitar
FS_Lick9_KN_Lage.wav,sound_guitar
FS_Lick9_MN.wav,sound_guitar
FS_Lick9_MN_Lage.wav,sound_guitar
FS_NH_IV.wav,sound_guitar
FS_NH_IX.wav,sound_guitar
FS_NH_V.wav,sound_guitar
FS_NH_VII.wav,sound_guitar
FS_NH_XII.wav,sound_guitar
FS_V_vibrato_slow-fast.wav,sound_guitar
G53-40100-1111-00079.wav,sound_guitar
G53-40100-1111-157.wav,sound_guitar
G53-40100-1111-235.wav,sound_guitar
G53-41101-1111-00080.wav,sound_guitar
G53-41101-1111-158.wav,sound_guitar
G53-41101-1111-236.wav,sound_guitar
G53-42102-1111-00081.wav,sound_guitar
G53-42102-1111-159.wav,sound_guitar
G53-42102-1111-237.wav,sound_guitar
G53-43103-1111-00082.wav,sound_guitar
G53-43103-1111-160.wav,sound_guitar
G53-43103-1111-238.wav,sound_guitar
G53-44104-1111-00083.wav,sound_guitar
G53-44104-1111-161.wav,sound_guitar
G53-44104-1111-239.wav,sound_guitar
G53-45105-1111-00084.wav,sound_guitar
G53-45105-1111-162.wav,sound_guitar
G53-45105-1111-240.wav,sound_guitar
G53-45200-1111-00092.wav,sound_guitar
G53-45200-1111-170.wav,sound_guitar
G53-45200-1111-248.wav,sound_guitar
G53-46106-1111-00085.wav,sound_guitar
G53-46106-1111-163.wav,sound_guitar
G53-46106-1111-241.wav,sound_guitar
G53-46201-1111-00093.wav,sound_guitar
G53-46201-1111-171.wav,sound_guitar
G53-46201-1111-249.wav,sound_guitar
G53-47107-1111-00086.wav,sound_guitar
G53-47107-1111-164.wav,sound_guitar
G53-47107-1111-242.wav,sound_guitar
G53-47202-1111-00094.wav,sound_guitar
G53-47202-1111-172.wav,sound_guitar
G53-47202-1111-250.wav,sound_guitar
G53-48108-1111-00087.wav,sound_guitar
G53-48108-1111-165.wav,sound_guitar
G53-48108-1111-243.wav,sound_guitar
G53-48203-1111-00095.wav,sound_guitar
G53-48203-1111-173.wav,sound_guitar
G53-48203-1111-251.wav,sound_guitar
G53-49109-1111-00088.wav,sound_guitar
G53-49109-1111-166.wav,sound_guitar
G53-49109-1111-244.wav,sound_guitar
G53-49204-1111-00096.wav,sound_guitar
G53-49204-1111-174.wav,sound_guitar
G53-49204-1111-252.wav,sound_guitar
G53-50110-1111-00089.wav,sound_guitar
G53-50110-1111-167.wav,sound_guitar
G53-50110-1111-245.wav,sound_guitar
G53-50205-1111-00097.wav,sound_guitar
G53-50205-1111-175.wav,sound_guitar
G53-50205-1111-253.wav,sound_guitar
G53-50300-1111-00105.wav,sound_guitar
G53-50300-1111-183.wav,sound_guitar
G53-50300-1111-261.wav,sound_guitar
G53-51111-1111-00090.wav,sound_guitar
G53-51111-1111-168.wav,sound_guitar
G53-51111-1111-246.wav,sound_guitar
G53-51206-1111-00098.wav,sound_guitar
G53-51206-1111-176.wav,sound_guitar
G53-51206-1111-254.wav,sound_guitar
G53-51301-1111-00106.wav,sound_guitar
G53-51301-1111-184.wav,sound_guitar
G53-51301-1111-262.wav,sound_guitar
G53-52112-1111-00091.wav,sound_guitar
G53-52112-1111-169.wav,sound_guitar
G53-52112-1111-247.wav,sound_guitar
G53-52207-1111-00099.wav,sound_guitar
G53-52207-1111-177.wav,sound_guitar
G53-52207-1111-255.wav,sound_guitar
G53-52302-1111-00107.wav,sound_guitar
G53-52302-1111-185.wav,sound_guitar
G53-52302-1111-263.wav,sound_guitar
G53-53208-1111-00100.wav,sound_guitar
G53-53208-1111-178.wav,sound_guitar
G53-53208-1111-256.wav,sound_guitar
G53-53303-1111-00108.wav,sound_guitar
G53-53303-1111-186.wav,sound_guitar
G53-53303-1111-264.wav,sound_guitar
G53-54209-1111-00101.wav,sound_guitar
G53-54209-1111-179.wav,sound_guitar
G53-54209-1111-257.wav,sound_guitar
G53-54304-1111-00109.wav,sound_guitar
G53-54304-1111-187.wav,sound_guitar
G53-54304-1111-265.wav,sound_guitar
G53-55210-1111-00102.wav,sound_guitar
G53-55210-1111-180.wav,sound_guitar
G53-55210-1111-258.wav,sound_guitar
G53-55305-1111-00110.wav,sound_guitar
G53-55305-1111-188.wav,sound_guitar
G53-55305-1111-266.wav,sound_guitar
G53-55400-1111-00118.wav,sound_guitar
G53-55400-1111-196.wav,sound_guitar
G53-55400-1111-274.wav,sound_guitar
G53-56211-1111-00103.wav,sound_guitar
G53-56211-1111-181.wav,sound_guitar
G53-56211-1111-259.wav,sound_guitar
G53-56306-1111-00111.wav,sound_guitar
G53-56306-1111-189.wav,sound_guitar
G53-56306-1111-267.wav,sound_guitar
G53-56401-1111-00119.wav,sound_guitar
G53-56401-1111-197.wav,sound_guitar
G53-56401-1111-275.wav,sound_guitar
G53-57212-1111-00104.wav,sound_guitar
G53-57212-1111-182.wav,sound_guitar
G53-57212-1111-260.wav,sound_guitar
G53-57307-1111-00112.wav,sound_guitar
G53-57307-1111-190.wav,sound_guitar
G53-57307-1111-268.wav,sound_guitar
G53-57402-1111-00120.wav,sound_guitar
G53-57402-1111-198.wav,sound_guitar
G53-57402-1111-276.wav,sound_guitar
G53-58308-1111-00113.wav,sound_guitar
G53-58308-1111-191.wav,sound_guitar
G53-58308-1111-269.wav,sound_guitar
G53-58403-1111-00121.wav,sound_guitar
G53-58403-1111-199.wav,sound_guitar
G53-58403-1111-277.wav,sound_guitar
G53-59309-1111-00114.wav,sound_guitar
G53-59309-1111-192.wav,sound_guitar
G53-59309-1111-270.wav,sound_guitar
G53-59404-1111-00122.wav,sound_guitar
G53-59404-1111-200.wav,sound_guitar
G53-59404-1111-278.wav,sound_guitar
G53-59500-1111-00131.wav,sound_guitar
G53-59500-1111-209.wav,sound_guitar
G53-59500-1111-287.wav,sound_guitar
G53-60310-1111-00115.wav,sound_guitar
G53-60310-1111-193.wav,sound_guitar
G53-60310-1111-271.wav,sound_guitar
G53-60405-1111-00123.wav,sound_guitar
G53-60405-1111-201.wav,sound_guitar
G53-60405-1111-279.wav,sound_guitar
G53-60501-1111-00132.wav,sound_guitar
G53-60501-1111-210.wav,sound_guitar
G53-60501-1111-288.wav,sound_guitar
G53-61311-1111-00116.wav,sound_guitar
G53-61311-1111-194.wav,sound_guitar
G53-61311-1111-272.wav,sound_guitar
G53-61406-1111-00124.wav,sound_guitar
G53-61406-1111-202.wav,sound_guitar
G53-61406-1111-280.wav,sound_guitar
G53-61502-1111-00133.wav,sound_guitar
G53-61502-1111-211.wav,sound_guitar
G53-61502-1111-289.wav,sound_guitar
G53-62312-1111-00117.wav,sound_guitar
G53-62312-1111-195.wav,sound_guitar
G53-62312-1111-273.wav,sound_guitar
G53-62407-1111-00125.wav,sound_guitar
G53-62407-1111-203.wav,sound_guitar
G53-62407-1111-281.wav,sound_guitar
G53-62503-1111-00134.wav,sound_guitar
G53-62503-1111-212.wav,sound_guitar
G53-62503-1111-290.wav,sound_guitar
G53-63408-1111-00126.wav,sound_guitar
G53-63408-1111-204.wav,sound_guitar
G53-63408-1111-282.wav,sound_guitar
G53-63504-1111-00135.wav,sound_guitar
G53-63504-1111-213.wav,sound_guitar
G53-63504-1111-291.wav,sound_guitar
G53-64409-1111-00127.wav,sound_guitar
G53-64409-1111-205.wav,sound_guitar
G53-64409-1111-283.wav,sound_guitar
G53-64505-1111-00136.wav,sound_guitar
G53-64505-1111-214.wav,sound_guitar
G53-64505-1111-292.wav,sound_guitar
G53-64600-1111-00144.wav,sound_guitar
G53-64600-1111-222.wav,sound_guitar
G53-64600-1111-300.wav,sound_guitar
G53-65410-1111-00128.wav,sound_guitar
G53-65410-1111-206.wav,sound_guitar
G53-65410-1111-284.wav,sound_guitar
G53-65506-1111-00137.wav,sound_guitar
G53-65506-1111-215.wav,sound_guitar
G53-65506-1111-293.wav,sound_guitar
G53-65601-1111-00145.wav,sound_guitar
G53-65601-1111-223.wav,sound_guitar
G53-65601-1111-301.wav,sound_guitar
G53-66411-1111-00129.wav,sound_guitar
G53-66411-1111-207.wav,sound_guitar
G53-66411-1111-285.wav,sound_guitar
G53-66507-1111-00138.wav,sound_guitar
G53-66507-1111-216.wav,sound_guitar
G53-66507-1111-294.wav,sound_guitar
G53-66602-1111-00146.wav,sound_guitar
G53-66602-1111-224.wav,sound_guitar
G53-66602-1111-302.wav,sound_guitar
G53-67412-1111-00130.wav,sound_guitar
G53-67412-1111-208.wav,sound_guitar
G53-67412-1111-286.wav,sound_guitar
G53-67508-1111-00139.wav,sound_guitar
G53-67508-1111-217.wav,sound_guitar
G53-67508-1111-295.wav,sound_guitar
G53-67603-1111-00147.wav,sound_guitar
G53-67603-1111-225.wav,sound_guitar
G53-67603-1111-303.wav,sound_guitar
G53-68509-1111-00140.wav,sound_guitar
G53-68509-1111-218.wav,sound_guitar
G53-68509-1111-296.wav,sound_guitar
G53-68604-1111-00148.wav,sound_guitar
G53-68604-1111-226.wav,sound_guitar
G53-68604-1111-304.wav,sound_guitar
G53-69510-1111-00141.wav,sound_guitar
G53-69510-1111-219.wav,sound_guitar
G53-69510-1111-297.wav,sound_guitar
G53-69605-1111-00149.wav,sound_guitar
G53-69605-1111-227.wav,sound_guitar
G53-69605-1111-305.wav,sound_guitar
G53-70511-1111-00142.wav,sound_guitar
G53-70511-1111-220.wav,sound_guitar
G53-70511-1111-298.wav,sound_guitar
G53-70606-1111-00150.wav,sound_guitar
G53-70606-1111-228.wav,sound_guitar
G53-70606-1111-306.wav,sound_guitar
G53-71512-1111-00143.wav,sound_guitar
G53-71512-1111-221.wav,sound_guitar
G53-71512-1111-299.wav,sound_guitar
G53-71607-1111-00151.wav,sound_guitar
G53-71607-1111-229.wav,sound_guitar
G53-71607-1111-307.wav,sound_guitar
G53-72608-1111-00152.wav,sound_guitar
G53-72608-1111-230.wav,sound_guitar
G53-72608-1111-308.wav,sound_guitar
G53-73609-1111-00153.wav,sound_guitar
G53-73609-1111-231.wav,sound_guitar
G53-73609-1111-309.wav,sound_guitar
G53-74610-1111-00154.wav,sound_guitar
G53-74610-1111-232.wav,sound_guitar
G53-74610-1111-310.wav,sound_guitar
G53-75611-1111-00155.wav,sound_guitar
G53-75611-1111-233.wav,sound_guitar
G53-75611-1111-311.wav,sound_guitar
G53-76612-1111-00156.wav,sound_guitar
G53-76612-1111-234.wav,sound_guitar
G53-76612-1111-312.wav,sound_guitar
jazz_1_160BPM.wav,sound_guitar
jazz_1_180BPM.wav,sound_guitar
jazz_2_170BPM.wav,sound_guitar
jazz_2_200BPM.wav,sound_guitar
jazz_3_120BPM.wav,sound_guitar
jazz_3_140BPM.wav,sound_guitar
jazz_4_70BPM.wav,sound_guitar
jazz_4_88BPM.wav,sound_guitar
jazz_5_100BPM.wav,sound_guitar
jazz_5_80BPM.wav,sound_guitar
jazz_6_150BPM.wav,sound_guitar
jazz_6_180BPM.wav,sound_guitar
jazz_7_140BPM.wav,sound_guitar
jazz_7_180BPM.wav,sound_guitar
jazz_8_110BPM.wav,sound_guitar
jazz_8_120BPM.wav,sound_guitar
latin_1_160BPM.wav,sound_guitar
latin_1_200BPM.wav,sound_guitar
latin_2_100BPM.wav,sound_guitar
latin_2_120BPM.wav,sound_guitar
latin_3_100BPM.wav,sound_guitar
latin_3_120BPM.wav,sound_guitar
latin_4_130BPM.wav,sound_guitar
latin_4_160BPM.wav,sound_guitar
latin_5_140BPM.wav,sound_guitar
latin_5_180BPM.wav,sound_guitar
latin_6_120BPM.wav,sound_guitar
latin_6_140BPM.wav,sound_guitar
latin_7_130BPM.wav,sound_guitar
latin_7_150BPM.wav,sound_guitar
latin_8_160BPM.wav,sound_guitar
latin_8_180BPM.wav,sound_guitar
LP_A_fret_0-20.wav,sound_guitar
LP_A_muted5.wav,sound_guitar
LP_B_fret_0-20.wav,sound_guitar
LP_B_muted5.wav,sound_guitar
LP_DN_III_VIII_XIV.wav,sound_guitar
LP_D_fret_0-20.wav,sound_guitar
LP_D_muted5.wav,sound_guitar
LP_E1_fret_0-20.wav,sound_guitar
LP_E1_muted5.wav,sound_guitar
LP_E_fret_0-20.wav,sound_guitar
LP_E_muted5.wav,sound_guitar
LP_G_fret_0-20.wav,sound_guitar
LP_G_muted5.wav,sound_guitar
LP_G_V_bending.wav,sound_guitar
LP_G_V_slide.wav,sound_guitar
LP_Lick10_FN.wav,sound_guitar
LP_Lick10_KN.wav,sound_guitar
LP_Lick10_MN.wav,sound_guitar
LP_Lick11_FN.wav,sound_guitar
LP_Lick11_KN.wav,sound_guitar
LP_Lick11_MN.wav,sound_guitar
LP_Lick12_FN.wav,sound_guitar
LP_Lick12_KN.wav,sound_guitar
LP_Lick12_MN.wav,sound_guitar
LP_Lick1_FN.wav,sound_guitar
LP_Lick1_FN_Lage.wav,sound_guitar
LP_Lick1_FVSDN.wav,sound_guitar
LP_Lick1_KN.wav,sound_guitar
LP_Lick1_KVSDN.wav,sound_guitar
LP_Lick1_MN.wav,sound_guitar
LP_Lick1_MVSDN.wav,sound_guitar
LP_Lick2_FN.wav,sound_guitar
LP_Lick2_FVSH.wav,sound_guitar
LP_Lick2_KN.wav,sound_guitar
LP_Lick2_KN_Lage.wav,sound_guitar
LP_Lick2_KVSH.wav,sound_guitar
LP_Lick2_MN.wav,sound_guitar
LP_Lick2_MVSH.wav,sound_guitar
LP_Lick3_FN.wav,sound_guitar
LP_Lick3_FSBDN.wav,sound_guitar
LP_Lick3_KN.wav,sound_guitar
LP_Lick3_KSBDN.wav,sound_guitar
LP_Lick3_MN.wav,sound_guitar
LP_Lick3_MN_Lage.wav,sound_guitar
LP_Lick3_MSBDN.wav,sound_guitar
LP_Lick4_FBSH.wav,sound_guitar
LP_Lick4_FN.wav,sound_guitar
LP_Lick4_FN_Lage2.wav,sound_guitar
LP_Lick4_KBSH.wav,sound_guitar
LP_Lick4_KN.wav,sound_guitar
LP_Lick4_MBSH.wav,sound_guitar
LP_Lick4_MN.wav,sound_guitar
LP_Lick5_FBVDN.wav,sound_guitar
LP_Lick5_FN.wav,sound_guitar
LP_Lick5_KBVDN.wav,sound_guitar
LP_Lick5_KN.wav,sound_guitar
LP_Lick5_KN_Lage2.wav,sound_guitar
LP_Lick5_MBVDN.wav,sound_guitar
LP_Lick5_MN.wav,sound_guitar
LP_Lick6_FHBV.wav,sound_guitar
LP_Lick6_FN.wav,sound_guitar
LP_Lick6_KHBV.wav,sound_guitar
LP_Lick6_KN.wav,sound_guitar
LP_Lick6_MHBV.wav,sound_guitar
LP_Lick6_MN.wav,sound_guitar
LP_Lick6_MN_Lage2.wav,sound_guitar
LP_Lick7_FN.wav,sound_guitar
LP_Lick7_FN_Lage.wav,sound_guitar
LP_Lick7_KN.wav,sound_guitar
LP_Lick7_KN_Lage.wav,sound_guitar
LP_Lick7_MN.wav,sound_guitar
LP_Lick7_MN_Lage.wav,sound_guitar
LP_Lick8_FN.wav,sound_guitar
LP_Lick8_KN.wav,sound_guitar
LP_Lick8_MN.wav,sound_guitar
LP_Lick9_FN.wav,sound_guitar
LP_Lick9_FN_Lage.wav,sound_guitar
LP_Lick9_KN.wav,sound_guitar
LP_Lick9_KN_Lage.wav,sound_guitar
LP_Lick9_MN.wav,sound_guitar
LP_Lick9_MN_Lage.wav,sound_guitar
LP_NH_IV.wav,sound_guitar
LP_NH_IX.wav,sound_guitar
LP_NH_V.wav,sound_guitar
LP_NH_VII.wav,sound_guitar
LP_NH_XII.wav,sound_guitar
LP_V_vibrato_slow-fast.wav,sound_guitar
metal_1_160BPM.wav,sound_guitar
metal_1_180BPM.wav,sound_guitar
metal_2_150BPM.wav,sound_guitar
metal_2_180BPM.wav,sound_guitar
metal_3_100BPM.wav,sound_guitar
metal_3_135BPM.wav,sound_guitar
metal_4_130BPM.wav,sound_guitar
metal_4_180BPM.wav,sound_guitar
metal_5_150BPM.wav,sound_guitar
metal_5_180BPM.wav,sound_guitar
metal_6_110BPM.wav,sound_guitar
metal_6_130BPM.wav,sound_guitar
metal_7_100BPM.wav,sound_guitar
metal_7_75BPM.wav,sound_guitar
metal_8_100BPM.wav,sound_guitar
metal_8_125BPM.wav,sound_guitar
nocturneNr2.wav,sound_guitar
pathetique_mono.wav,sound_guitar
pathetique_poly.wav,sound_guitar
pop_1_130BPM.wav,sound_guitar
pop_1_160BPM.wav,sound_guitar
pop_2_120BPM.wav,sound_guitar
pop_2_140BPM.wav,sound_guitar
pop_3_130BPM.wav,sound_guitar
pop_3_150BPM.wav,sound_guitar
pop_4_100BPM.wav,sound_guitar
pop_4_120BPM.wav,sound_guitar
pop_5_78BPM.wav,sound_guitar
pop_5_90BPM.wav,sound_guitar
pop_6_110BPM.wav,sound_guitar
pop_6_90BPM.wav,sound_guitar
pop_7_60BPM.wav,sound_guitar
pop_7_70BPM.wav,sound_guitar
pop_8_100BPM.wav,sound_guitar
pop_8_85BPM.wav,sound_guitar
promenade_mono.wav,sound_guitar
quintfall.wav,sound_guitar
reggae_1_120BPM.wav,sound_guitar
reggae_1_95BPM.wav,sound_guitar
reggae_2_100BPM.wav,sound_guitar
reggae_2_120BPM.wav,sound_guitar
reggae_3_100BPM.wav,sound_guitar
reggae_3_120BPM.wav,sound_guitar
reggae_4_100BPM.wav,sound_guitar
reggae_4_120BPM.wav,sound_guitar
rock_2_115BPM.wav,sound_guitar
rock_3_115BPM.wav,sound_guitar
rock_4_125BPM.wav,sound_guitar
rock_5_120BPM.wav,sound_guitar
rock_6_120BPM.wav,sound_guitar
rock_7_120BPM.wav,sound_guitar
rock_8_120BPM.wav,sound_guitar
ska_1_180BPM.wav,sound_guitar
ska_2_180BPM.wav,sound_guitar
ska_3_150BPM.wav,sound_guitar
ska_3_180BPM.wav,sound_guitar
ska_4_150BPM.wav,sound_guitar
ska_4_180BPM.wav,sound_guitar
slow_classical_1_60BPM.wav,sound_guitar
slow_classical_2_50BPM.wav,sound_guitar
slow_classical_3_50BPM.wav,sound_guitar
slow_classical_4_60BPM.wav,sound_guitar
slow_classical_5_70BPM.wav,sound_guitar
slow_classical_6_75BPM.wav,sound_guitar
slow_classical_7_50BPM.wav,sound_guitar
slow_classical_8_100BPM.wav,sound_guitar
slow_country_1_110BPM.wav,sound_guitar
slow_country_2_110BPM.wav,sound_guitar
slow_country_3_100BPM.wav,sound_guitar
slow_country_4_80BPM.wav,sound_guitar
slow_country_5_80BPM.wav,sound_guitar
slow_folk_1_80BPM.wav,sound_guitar
slow_folk_2_75BPM.wav,sound_guitar
slow_folk_3_130BPM.wav,sound_guitar
slow_jazz_1_160BPM.wav,sound_guitar
slow_jazz_2_170BPM.wav,sound_guitar
slow_jazz_3_120BPM.wav,sound_guitar
slow_jazz_4_70BPM.wav,sound_guitar
slow_jazz_5_80BPM.wav,sound_guitar
slow_jazz_6_150BPM.wav,sound_guitar
slow_jazz_7_140BPM.wav,sound_guitar
slow_jazz_8_110BPM.wav,sound_guitar
slow_latin_1_160BPM.wav,sound_guitar
slow_latin_2_100BPM.wav,sound_guitar
slow_latin_3_100BPM.wav,sound_guitar
slow_latin_4_130BPM.wav,sound_guitar
slow_latin_5_140BPM.wav,sound_guitar
slow_latin_6_120BPM.wav,sound_guitar
slow_latin_7_130BPM.wav,sound_guitar
slow_latin_8_160BPM.wav,sound_guitar
slow_metal_1_160BPM.wav,sound_guitar
slow_metal_2_150BPM.wav,sound_guitar
slow_metal_3_100BPM.wav,sound_guitar
slow_metal_4_130BPM.wav,sound_guitar
slow_metal_5_150BPM.wav,sound_guitar
slow_metal_6_110BPM.wav,sound_guitar
slow_metal_7_75BPM.wav,sound_guitar
slow_metal_8_100BPM.wav,sound_guitar
slow_pop_1_130BPM.wav,sound_guitar
slow_pop_2_120BPM.wav,sound_guitar
slow_pop_3_130BPM.wav,sound_guitar
slow_pop_4_100BPM.wav,sound_guitar
slow_pop_5_78BPM.wav,sound_guitar
slow_pop_6_90BPM.wav,sound_guitar
slow_pop_7_60BPM.wav,sound_guitar
slow_pop_8_85BPM.wav,sound_guitar
slow_reggae_1_95BPM.wav,sound_guitar
slow_reggae_2_100BPM.wav,sound_guitar
slow_reggae_3_100BPM.wav,sound_guitar
slow_reggae_4_100BPM.wav,sound_guitar
slow_rock_2_100BPM.wav,sound_guitar
slow_rock_3_100BPM.wav,sound_guitar
slow_rock_4_110BPM.wav,sound_guitar
slow_rock_5_100BPM.wav,sound_guitar
slow_rock_6_100BPM.wav,sound_guitar
slow_rock_7_100BPM.wav,sound_guitar
slow_rock_8_100BPM.wav,sound_guitar
slow_ska_1_150BPM.wav,sound_guitar
slow_ska_2_150BPM.wav,sound_guitar
slow_ska_3_150BPM.wav,sound_guitar
slow_ska_4_150BPM.wav,sound_guitar
035568_upright-piano-71570.wav,sound_piano
another-sadmosphere-108461.wav,sound_piano
arpeggio-01-36024.wav,sound_piano
beautiful-random-minor-arp-119378.wav,sound_piano
boogie-woogie-logo-116102.wav,sound_piano
c-aeol-12984.wav,sound_piano
cold-wednesday-73830.wav,sound_piano
converted_to_wav_file.wav,sound_piano
c_minor_prog-105132.wav,sound_piano
dark-evil-piano-32205.wav,sound_piano
dark-piano-tension-6057.wav,sound_piano
day-112826.wav,sound_piano
detuned-piano-39311.wav,sound_piano
do-80236.wav,sound_piano
dramatic-piano-10950.wav,sound_piano
dream-magic-prolonged-94891.wav,sound_piano
eilegeiya-111391.wav,sound_piano
emotional-piano-001-d-90-66506.wav,sound_piano
emotional-piano-005-am-80-97777.wav,sound_piano
emotional-sad-piano-for-an-intro-or-a-documentary-suspense-90-bpm-121528.wav,sound_piano
friendly-melody-14015.wav,sound_piano
genesis-piano-chord-loop-28260.wav,sound_piano
ghost-scare-vintage-6062.wav,sound_piano
grand-piano-thing-74701.wav,sound_piano
halloween-piano-sample-69075.wav,sound_piano
happy-ballerine-piano-keys-26784.wav,sound_piano
horror-chase-music-loop-67634.wav,sound_piano
horror-piano-hits-73998.wav,sound_piano
jaws-of-life-27722.wav,sound_piano
jingle-16-9634.wav,sound_piano
jingle-intro-theme-outro-rhodes-piano-15771.wav,sound_piano
jinglepiano-105261.wav,sound_piano
joyful-messy-piano-116715.wav,sound_piano
keys-of-relaxation-21135.wav,sound_piano
logo-piano-125764.wav,sound_piano
lonely-dance-riff3-31323.wav,sound_piano
lonely-piano-clip-32779.wav,sound_piano
loop-16247.wav,sound_piano
lovely-but-damaged-110583.wav,sound_piano
misterio1-128347.wav,sound_piano
next-chapter-piano-ident-21438.wav,sound_piano
nigh-in-detroit-2-34979.wav,sound_piano
old-record-player-effect-14887.wav,sound_piano
on-rd-piano-loop-1-89745.wav,sound_piano
on-rd-piano-loop-2-106459.wav,sound_piano
orcs-loop-21568.wav,sound_piano
paino-31466.wav,sound_piano
piano-38809.wav,sound_piano
piano-43703.wav,sound_piano
piano-6076.wav,sound_piano
piano-67592.wav,sound_piano
piano-arp-72850.wav,sound_piano
piano-bell-sound-1-27144.wav,sound_piano
piano-bells-4-97479.wav,sound_piano
piano-c4-major-scale-102084.wav,sound_piano
piano-chord-45626.wav,sound_piano
piano-chords-130-bpm-51099.wav,sound_piano
piano-chromatic-scale-c1-to-b1-102315.wav,sound_piano
piano-crash-sound-37898.wav,sound_piano
piano-groove-quartal-38660.wav,sound_piano
piano-harp-28522.wav,sound_piano
piano-harp-fantasy-43032.wav,sound_piano
piano-harp-sequence-28500.wav,sound_piano
piano-harp-sequence-66667.wav,sound_piano
piano-logo-108963.wav,sound_piano
piano-loop-10809.wav,sound_piano
piano-loop-130bpm-43342.wav,sound_piano
piano-magic-logo-13621.wav,sound_piano
piano-march-66246.wav,sound_piano
piano-metal-2-43037.wav,sound_piano
piano-normal-d4wav-14838.wav,sound_piano
piano-piece-for-busy-businessmen-61081.wav,sound_piano
piano-resonance-18-42083.wav,sound_piano
piano-resonance-23-42081.wav,sound_piano
piano-sadmosphere-12629.wav,sound_piano
piano-sequence-2-66643.wav,sound_piano
piano-sequence-66644.wav,sound_piano
piano-single-keys-close-79965.wav,sound_piano
piano-solo-big-hall-10s-loop-27710.wav,sound_piano
piano-suspenses-14427.wav,sound_piano
piano_pattern_50014_108bpm-27614.wav,sound_piano
prepared-piano-impro-2-69901.wav,sound_piano
ragtime-logo-standard-version-116100.wav,sound_piano
rainy-day-in-a-recliner-piano-26139.wav,sound_piano
realizations-or-fighting-70370.wav,sound_piano
reverse-piano-3-note-tune-96852.wav,sound_piano
reversed-distorted-piano-70785.wav,sound_piano
rheyne-rhodes-2-70369.wav,sound_piano
rising-into-darkness-16314.wav,sound_piano
ROOM_room1_MUS_bartok_DEV_amazon.wav,sound_piano
ROOM_room1_MUS_bartok_DEV_ipad.wav,sound_piano
ROOM_room1_MUS_bartok_DEV_iphone.wav,sound_piano
ROOM_room1_MUS_bartok_DEV_lg.wav,sound_piano
ROOM_room1_MUS_bartok_DEV_redmi.wav,sound_piano
ROOM_room1_MUS_bartok_DEV_stereomic.wav,sound_piano
ROOM_room1_MUS_beethoven1_DEV_amazon.wav,sound_piano
ROOM_room1_MUS_beethoven1_DEV_ipad.wav,sound_piano
ROOM_room1_MUS_beethoven1_DEV_iphone.wav,sound_piano
ROOM_room1_MUS_beethoven1_DEV_lg.wav,sound_piano
ROOM_room1_MUS_beethoven1_DEV_redmi.wav,sound_piano
ROOM_room1_MUS_beethoven1_DEV_stereomic.wav,sound_piano
ROOM_room1_MUS_beethoven2_DEV_amazon.wav,sound_piano
ROOM_room1_MUS_beethoven2_DEV_ipad.wav,sound_piano
ROOM_room1_MUS_beethoven2_DEV_iphone.wav,sound_piano
ROOM_room1_MUS_beethoven2_DEV_lg.wav,sound_piano
ROOM_room1_MUS_beethoven2_DEV_redmi.wav,sound_piano
ROOM_room1_MUS_beethoven2_DEV_stereomic.wav,sound_piano
ROOM_room1_MUS_chords_DEV_amazon.wav,sound_piano
ROOM_room1_MUS_chords_DEV_ipad.wav,sound_piano
ROOM_room1_MUS_chords_DEV_iphone.wav,sound_piano
ROOM_room1_MUS_chords_DEV_lg.wav,sound_piano
ROOM_room1_MUS_chords_DEV_redmi.wav,sound_piano
ROOM_room1_MUS_chords_DEV_stereomic.wav,sound_piano
ROOM_room1_MUS_joplin_DEV_amazon.wav,sound_piano
ROOM_room1_MUS_joplin_DEV_ipad.wav,sound_piano
ROOM_room1_MUS_joplin_DEV_iphone.wav,sound_piano
ROOM_room1_MUS_joplin_DEV_lg.wav,sound_piano
ROOM_room1_MUS_joplin_DEV_redmi.wav,sound_piano
ROOM_room1_MUS_joplin_DEV_stereomic.wav,sound_piano
ROOM_room1_MUS_mozart_DEV_amazon.wav,sound_piano
ROOM_room1_MUS_mozart_DEV_ipad.wav,sound_piano
ROOM_room1_MUS_mozart_DEV_iphone.wav,sound_piano
ROOM_room1_MUS_mozart_DEV_lg.wav,sound_piano
ROOM_room1_MUS_mozart_DEV_redmi.wav,sound_piano
ROOM_room1_MUS_mozart_DEV_stereomic.wav,sound_piano
ROOM_room1_MUS_pachelbel_DEV_amazon.wav,sound_piano
ROOM_room1_MUS_pachelbel_DEV_ipad.wav,sound_piano
ROOM_room1_MUS_pachelbel_DEV_iphone.wav,sound_piano
ROOM_room1_MUS_pachelbel_DEV_lg.wav,sound_piano
ROOM_room1_MUS_pachelbel_DEV_redmi.wav,sound_piano
ROOM_room1_MUS_pachelbel_DEV_stereomic.wav,sound_piano
ROOM_room1_MUS_scale_DEV_amazon.wav,sound_piano
ROOM_room1_MUS_scale_DEV_ipad.wav,sound_piano
ROOM_room1_MUS_scale_DEV_iphone.wav,sound_piano
ROOM_room1_MUS_scale_DEV_lg.wav,sound_piano
ROOM_room1_MUS_scale_DEV_redmi.wav,sound_piano
ROOM_room1_MUS_scale_DEV_stereomic.wav,sound_piano
ROOM_room1_MUS_swing_DEV_amazon.wav,sound_piano
ROOM_room1_MUS_swing_DEV_ipad.wav,sound_piano
ROOM_room1_MUS_swing_DEV_iphone.wav,sound_piano
ROOM_room1_MUS_swing_DEV_lg.wav,sound_piano
ROOM_room1_MUS_swing_DEV_redmi.wav,sound_piano
ROOM_room1_MUS_swing_DEV_stereomic.wav,sound_piano
ROOM_room2_MUS_bartok_DEV_amazon.wav,sound_piano
ROOM_room2_MUS_bartok_DEV_ipad.wav,sound_piano
ROOM_room2_MUS_bartok_DEV_iphone.wav,sound_piano
ROOM_room2_MUS_bartok_DEV_lg.wav,sound_piano
ROOM_room2_MUS_bartok_DEV_redmi.wav,sound_piano
ROOM_room2_MUS_bartok_DEV_stereomic.wav,sound_piano
ROOM_room2_MUS_beethoven1_DEV_amazon.wav,sound_piano
ROOM_room2_MUS_beethoven1_DEV_ipad.wav,sound_piano
ROOM_room2_MUS_beethoven1_DEV_iphone.wav,sound_piano
ROOM_room2_MUS_beethoven1_DEV_lg.wav,sound_piano
ROOM_room2_MUS_beethoven1_DEV_redmi.wav,sound_piano
ROOM_room2_MUS_beethoven1_DEV_stereomic.wav,sound_piano
ROOM_room2_MUS_beethoven2_DEV_amazon.wav,sound_piano
ROOM_room2_MUS_beethoven2_DEV_ipad.wav,sound_piano
ROOM_room2_MUS_beethoven2_DEV_iphone.wav,sound_piano
ROOM_room2_MUS_beethoven2_DEV_lg.wav,sound_piano
ROOM_room2_MUS_beethoven2_DEV_redmi.wav,sound_piano
ROOM_room2_MUS_beethoven2_DEV_stereomic.wav,sound_piano
ROOM_room2_MUS_chords_DEV_amazon.wav,sound_piano
ROOM_room2_MUS_chords_DEV_ipad.wav,sound_piano
ROOM_room2_MUS_chords_DEV_iphone.wav,sound_piano
ROOM_room2_MUS_chords_DEV_lg.wav,sound_piano
ROOM_room2_MUS_chords_DEV_redmi.wav,sound_piano
ROOM_room2_MUS_chords_DEV_stereomic.wav,sound_piano
ROOM_room2_MUS_joplin_DEV_amazon.wav,sound_piano
ROOM_room2_MUS_joplin_DEV_ipad.wav,sound_piano
ROOM_room2_MUS_joplin_DEV_iphone.wav,sound_piano
ROOM_room2_MUS_joplin_DEV_lg.wav,sound_piano
ROOM_room2_MUS_joplin_DEV_redmi.wav,sound_piano
ROOM_room2_MUS_joplin_DEV_stereomic.wav,sound_piano
ROOM_room2_MUS_mozart_DEV_amazon.wav,sound_piano
ROOM_room2_MUS_mozart_DEV_ipad.wav,sound_piano
ROOM_room2_MUS_mozart_DEV_iphone.wav,sound_piano
ROOM_room2_MUS_mozart_DEV_lg.wav,sound_piano
ROOM_room2_MUS_mozart_DEV_redmi.wav,sound_piano
ROOM_room2_MUS_mozart_DEV_stereomic.wav,sound_piano
ROOM_room2_MUS_pachelbel_DEV_amazon.wav,sound_piano
ROOM_room2_MUS_pachelbel_DEV_ipad.wav,sound_piano
ROOM_room2_MUS_pachelbel_DEV_iphone.wav,sound_piano
ROOM_room2_MUS_pachelbel_DEV_lg.wav,sound_piano
ROOM_room2_MUS_pachelbel_DEV_redmi.wav,sound_piano
ROOM_room2_MUS_pachelbel_DEV_stereomic.wav,sound_piano
ROOM_room2_MUS_scale_DEV_amazon.wav,sound_piano
ROOM_room2_MUS_scale_DEV_ipad.wav,sound_piano
ROOM_room2_MUS_scale_DEV_iphone.wav,sound_piano
ROOM_room2_MUS_scale_DEV_lg.wav,sound_piano
ROOM_room2_MUS_scale_DEV_redmi.wav,sound_piano
ROOM_room2_MUS_scale_DEV_stereomic.wav,sound_piano
ROOM_room2_MUS_swing_DEV_amazon.wav,sound_piano
ROOM_room2_MUS_swing_DEV_ipad.wav,sound_piano
ROOM_room2_MUS_swing_DEV_iphone.wav,sound_piano
ROOM_room2_MUS_swing_DEV_lg.wav,sound_piano
ROOM_room2_MUS_swing_DEV_redmi.wav,sound_piano
ROOM_room2_MUS_swing_DEV_stereomic.wav,sound_piano
ROOM_room3_MUS_bartok_DEV_amazon.wav,sound_piano
ROOM_room3_MUS_bartok_DEV_ipad.wav,sound_piano
ROOM_room3_MUS_bartok_DEV_iphone.wav,sound_piano
ROOM_room3_MUS_bartok_DEV_lg.wav,sound_piano
ROOM_room3_MUS_bartok_DEV_redmi.wav,sound_piano
ROOM_room3_MUS_bartok_DEV_stereomic.wav,sound_piano
ROOM_room3_MUS_beethoven1_DEV_amazon.wav,sound_piano
ROOM_room3_MUS_beethoven1_DEV_ipad.wav,sound_piano
ROOM_room3_MUS_beethoven1_DEV_iphone.wav,sound_piano
ROOM_room3_MUS_beethoven1_DEV_lg.wav,sound_piano
ROOM_room3_MUS_beethoven1_DEV_redmi.wav,sound_piano
ROOM_room3_MUS_beethoven1_DEV_stereomic.wav,sound_piano
ROOM_room3_MUS_beethoven2_DEV_amazon.wav,sound_piano
ROOM_room3_MUS_beethoven2_DEV_ipad.wav,sound_piano
ROOM_room3_MUS_beethoven2_DEV_iphone.wav,sound_piano
ROOM_room3_MUS_beethoven2_DEV_lg.wav,sound_piano
ROOM_room3_MUS_beethoven2_DEV_redmi.wav,sound_piano
ROOM_room3_MUS_beethoven2_DEV_stereomic.wav,sound_piano
ROOM_room3_MUS_chords_DEV_amazon.wav,sound_piano
ROOM_room3_MUS_chords_DEV_ipad.wav,sound_piano
ROOM_room3_MUS_chords_DEV_iphone.wav,sound_piano
ROOM_room3_MUS_chords_DEV_lg.wav,sound_piano
ROOM_room3_MUS_chords_DEV_redmi.wav,sound_piano
ROOM_room3_MUS_chords_DEV_stereomic.wav,sound_piano
ROOM_room3_MUS_joplin.wav,sound_piano
ROOM_room3_MUS_joplin_DEV_amazon.wav,sound_piano
ROOM_room3_MUS_joplin_DEV_ipad.wav,sound_piano
ROOM_room3_MUS_joplin_DEV_iphone.wav,sound_piano
ROOM_room3_MUS_joplin_DEV_lg.wav,sound_piano
ROOM_room3_MUS_joplin_DEV_redmi.wav,sound_piano
ROOM_room3_MUS_joplin_DEV_stereomic.wav,sound_piano
ROOM_room3_MUS_mozart_DEV_amazon.wav,sound_piano
ROOM_room3_MUS_mozart_DEV_ipad.wav,sound_piano
ROOM_room3_MUS_mozart_DEV_iphone.wav,sound_piano
ROOM_room3_MUS_mozart_DEV_lg.wav,sound_piano
ROOM_room3_MUS_mozart_DEV_redmi.wav,sound_piano
ROOM_room3_MUS_mozart_DEV_stereomic.wav,sound_piano
ROOM_room3_MUS_pachelbel_DEV_amazon.wav,sound_piano
ROOM_room3_MUS_pachelbel_DEV_ipad.wav,sound_piano
ROOM_room3_MUS_pachelbel_DEV_iphone.wav,sound_piano
ROOM_room3_MUS_pachelbel_DEV_lg.wav,sound_piano
ROOM_room3_MUS_pachelbel_DEV_redmi.wav,sound_piano
ROOM_room3_MUS_pachelbel_DEV_stereomic.wav,sound_piano
ROOM_room3_MUS_scale_DEV_amazon.wav,sound_piano
ROOM_room3_MUS_scale_DEV_ipad.wav,sound_piano
ROOM_room3_MUS_scale_DEV_iphone.wav,sound_piano
ROOM_room3_MUS_scale_DEV_lg.wav,sound_piano
ROOM_room3_MUS_scale_DEV_redmi.wav,sound_piano
ROOM_room3_MUS_scale_DEV_stereomic.wav,sound_piano
ROOM_room3_MUS_swing_DEV_amazon.wav,sound_piano
ROOM_room3_MUS_swing_DEV_ipad.wav,sound_piano
ROOM_room3_MUS_swing_DEV_iphone.wav,sound_piano
ROOM_room3_MUS_swing_DEV_lg.wav,sound_piano
ROOM_room3_MUS_swing_DEV_redmi.wav,sound_piano
ROOM_room3_MUS_swing_DEV_stereomic.wav,sound_piano
ROOM_room4_MUS_bartok_DEV_amazon.wav,sound_piano
ROOM_room4_MUS_bartok_DEV_ipad.wav,sound_piano
ROOM_room4_MUS_bartok_DEV_iphone.wav,sound_piano
ROOM_room4_MUS_bartok_DEV_lg.wav,sound_piano
ROOM_room4_MUS_bartok_DEV_redmi.wav,sound_piano
ROOM_room4_MUS_bartok_DEV_stereomic.wav,sound_piano
ROOM_room4_MUS_beethoven1_DEV_amazon.wav,sound_piano
ROOM_room4_MUS_beethoven1_DEV_ipad.wav,sound_piano
ROOM_room4_MUS_beethoven1_DEV_iphone.wav,sound_piano
ROOM_room4_MUS_beethoven1_DEV_lg.wav,sound_piano
ROOM_room4_MUS_beethoven1_DEV_redmi.wav,sound_piano
ROOM_room4_MUS_beethoven1_DEV_stereomic.wav,sound_piano
ROOM_room4_MUS_beethoven2_DEV_amazon.wav,sound_piano
ROOM_room4_MUS_beethoven2_DEV_ipad.wav,sound_piano
ROOM_room4_MUS_beethoven2_DEV_iphone.wav,sound_piano
ROOM_room4_MUS_beethoven2_DEV_lg.wav,sound_piano
ROOM_room4_MUS_beethoven2_DEV_redmi.wav,sound_piano
ROOM_room4_MUS_beethoven2_DEV_stereomic.wav,sound_piano
ROOM_room4_MUS_chords_DEV_amazon.wav,sound_piano
ROOM_room4_MUS_chords_DEV_ipad.wav,sound_piano
ROOM_room4_MUS_chords_DEV_iphone.wav,sound_piano
ROOM_room4_MUS_chords_DEV_lg.wav,sound_piano
ROOM_room4_MUS_chords_DEV_redmi.wav,sound_piano
ROOM_room4_MUS_chords_DEV_stereomic.wav,sound_piano
ROOM_room4_MUS_joplin_DEV_amazon.wav,sound_piano
ROOM_room4_MUS_joplin_DEV_ipad.wav,sound_piano
ROOM_room4_MUS_joplin_DEV_iphone.wav,sound_piano
ROOM_room4_MUS_joplin_DEV_lg.wav,sound_piano
ROOM_room4_MUS_joplin_DEV_redmi.wav,sound_piano
ROOM_room4_MUS_joplin_DEV_stereomic.wav,sound_piano
ROOM_room4_MUS_mozart_DEV_amazon.wav,sound_piano
ROOM_room4_MUS_mozart_DEV_ipad.wav,sound_piano
ROOM_room4_MUS_mozart_DEV_iphone.wav,sound_piano
ROOM_room4_MUS_mozart_DEV_lg.wav,sound_piano
ROOM_room4_MUS_mozart_DEV_redmi.wav,sound_piano
ROOM_room4_MUS_mozart_DEV_stereomic.wav,sound_piano
ROOM_room4_MUS_pachelbel_DEV_amazon.wav,sound_piano
ROOM_room4_MUS_pachelbel_DEV_ipad.wav,sound_piano
ROOM_room4_MUS_pachelbel_DEV_iphone.wav,sound_piano
ROOM_room4_MUS_pachelbel_DEV_lg.wav,sound_piano
ROOM_room4_MUS_pachelbel_DEV_redmi.wav,sound_piano
ROOM_room4_MUS_pachelbel_DEV_stereomic.wav,sound_piano
ROOM_room4_MUS_scale_DEV_amazon.wav,sound_piano
ROOM_room4_MUS_scale_DEV_ipad.wav,sound_piano
ROOM_room4_MUS_scale_DEV_iphone.wav,sound_piano
ROOM_room4_MUS_scale_DEV_lg.wav,sound_piano
ROOM_room4_MUS_scale_DEV_redmi.wav,sound_piano
ROOM_room4_MUS_scale_DEV_stereomic.wav,sound_piano
ROOM_room4_MUS_swing_DEV_amazon.wav,sound_piano
ROOM_room4_MUS_swing_DEV_ipad.wav,sound_piano
ROOM_room4_MUS_swing_DEV_iphone.wav,sound_piano
ROOM_room4_MUS_swing_DEV_lg.wav,sound_piano
ROOM_room4_MUS_swing_DEV_redmi.wav,sound_piano
ROOM_room4_MUS_swing_DEV_stereomic.wav,sound_piano
ROOM_room5_MUS_bartok_DEV_amazon.wav,sound_piano
ROOM_room5_MUS_bartok_DEV_ipad.wav,sound_piano
ROOM_room5_MUS_bartok_DEV_iphone.wav,sound_piano
ROOM_room5_MUS_bartok_DEV_lg.wav,sound_piano
ROOM_room5_MUS_bartok_DEV_redmi.wav,sound_piano
ROOM_room5_MUS_bartok_DEV_stereomic.wav,sound_piano
ROOM_room5_MUS_beethoven1_DEV_amazon.wav,sound_piano
ROOM_room5_MUS_beethoven1_DEV_ipad.wav,sound_piano
ROOM_room5_MUS_beethoven1_DEV_iphone.wav,sound_piano
ROOM_room5_MUS_beethoven1_DEV_lg.wav,sound_piano
ROOM_room5_MUS_beethoven1_DEV_redmi.wav,sound_piano
ROOM_room5_MUS_beethoven1_DEV_stereomic.wav,sound_piano
ROOM_room5_MUS_beethoven2_DEV_amazon.wav,sound_piano
ROOM_room5_MUS_beethoven2_DEV_ipad.wav,sound_piano
ROOM_room5_MUS_beethoven2_DEV_iphone.wav,sound_piano
ROOM_room5_MUS_beethoven2_DEV_lg.wav,sound_piano
ROOM_room5_MUS_beethoven2_DEV_redmi.wav,sound_piano
ROOM_room5_MUS_beethoven2_DEV_stereomic.wav,sound_piano
ROOM_room5_MUS_chords_DEV_amazon.wav,sound_piano
ROOM_room5_MUS_chords_DEV_ipad.wav,sound_piano
ROOM_room5_MUS_chords_DEV_iphone.wav,sound_piano
ROOM_room5_MUS_chords_DEV_lg.wav,sound_piano
ROOM_room5_MUS_chords_DEV_redmi.wav,sound_piano
ROOM_room5_MUS_chords_DEV_stereomic.wav,sound_piano
ROOM_room5_MUS_joplin_DEV_amazon.wav,sound_piano
ROOM_room5_MUS_joplin_DEV_ipad.wav,sound_piano
ROOM_room5_MUS_joplin_DEV_iphone.wav,sound_piano
ROOM_room5_MUS_joplin_DEV_lg.wav,sound_piano
ROOM_room5_MUS_joplin_DEV_redmi.wav,sound_piano
ROOM_room5_MUS_joplin_DEV_stereomic.wav,sound_piano
ROOM_room5_MUS_mozart_DEV_amazon.wav,sound_piano
ROOM_room5_MUS_mozart_DEV_ipad.wav,sound_piano
ROOM_room5_MUS_mozart_DEV_iphone.wav,sound_piano
ROOM_room5_MUS_mozart_DEV_lg.wav,sound_piano
ROOM_room5_MUS_mozart_DEV_redmi.wav,sound_piano
ROOM_room5_MUS_mozart_DEV_stereomic.wav,sound_piano
ROOM_room5_MUS_pachelbel_DEV_amazon.wav,sound_piano
ROOM_room5_MUS_pachelbel_DEV_ipad.wav,sound_piano
ROOM_room5_MUS_pachelbel_DEV_iphone.wav,sound_piano
ROOM_room5_MUS_pachelbel_DEV_lg.wav,sound_piano
ROOM_room5_MUS_pachelbel_DEV_redmi.wav,sound_piano
ROOM_room5_MUS_pachelbel_DEV_stereomic.wav,sound_piano
ROOM_room5_MUS_scale_DEV_amazon.wav,sound_piano
ROOM_room5_MUS_scale_DEV_ipad.wav,sound_piano
ROOM_room5_MUS_scale_DEV_iphone.wav,sound_piano
ROOM_room5_MUS_scale_DEV_lg.wav,sound_piano
ROOM_room5_MUS_scale_DEV_redmi.wav,sound_piano
ROOM_room5_MUS_scale_DEV_stereomic.wav,sound_piano
ROOM_room5_MUS_swing_DEV_amazon.wav,sound_piano
ROOM_room5_MUS_swing_DEV_ipad.wav,sound_piano
ROOM_room5_MUS_swing_DEV_iphone.wav,sound_piano
ROOM_room5_MUS_swing_DEV_lg.wav,sound_piano
ROOM_room5_MUS_swing_DEV_redmi.wav,sound_piano
ROOM_room5_MUS_swing_DEV_stereomic.wav,sound_piano
ROOM_room6_MUS_bartok_DEV_amazon.wav,sound_piano
ROOM_room6_MUS_bartok_DEV_ipad.wav,sound_piano
ROOM_room6_MUS_bartok_DEV_iphone.wav,sound_piano
ROOM_room6_MUS_bartok_DEV_lg.wav,sound_piano
ROOM_room6_MUS_bartok_DEV_redmi.wav,sound_piano
ROOM_room6_MUS_bartok_DEV_stereomic.wav,sound_piano
ROOM_room6_MUS_beethoven1_DEV_amazon.wav,sound_piano
ROOM_room6_MUS_beethoven1_DEV_ipad.wav,sound_piano
ROOM_room6_MUS_beethoven1_DEV_iphone.wav,sound_piano
ROOM_room6_MUS_beethoven1_DEV_lg.wav,sound_piano
ROOM_room6_MUS_beethoven1_DEV_redmi.wav,sound_piano
ROOM_room6_MUS_beethoven1_DEV_stereomic.wav,sound_piano
ROOM_room6_MUS_beethoven2_DEV_amazon.wav,sound_piano
ROOM_room6_MUS_beethoven2_DEV_ipad.wav,sound_piano
ROOM_room6_MUS_beethoven2_DEV_iphone.wav,sound_piano
ROOM_room6_MUS_beethoven2_DEV_lg.wav,sound_piano
ROOM_room6_MUS_beethoven2_DEV_redmi.wav,sound_piano
ROOM_room6_MUS_beethoven2_DEV_stereomic.wav,sound_piano
ROOM_room6_MUS_chords_DEV_amazon.wav,sound_piano
ROOM_room6_MUS_chords_DEV_ipad.wav,sound_piano
ROOM_room6_MUS_chords_DEV_iphone.wav,sound_piano
ROOM_room6_MUS_chords_DEV_lg.wav,sound_piano
ROOM_room6_MUS_chords_DEV_redmi.wav,sound_piano
ROOM_room6_MUS_chords_DEV_stereomic.wav,sound_piano
ROOM_room6_MUS_joplin_DEV_amazon.wav,sound_piano
ROOM_room6_MUS_joplin_DEV_ipad.wav,sound_piano
ROOM_room6_MUS_joplin_DEV_iphone.wav,sound_piano
ROOM_room6_MUS_joplin_DEV_lg.wav,sound_piano
ROOM_room6_MUS_joplin_DEV_redmi.wav,sound_piano
ROOM_room6_MUS_joplin_DEV_stereomic.wav,sound_piano
ROOM_room6_MUS_mozart_DEV_amazon.wav,sound_piano
ROOM_room6_MUS_mozart_DEV_ipad.wav,sound_piano
ROOM_room6_MUS_mozart_DEV_iphone.wav,sound_piano
ROOM_room6_MUS_pachelbel_DEV_ipad.wav,sound_piano
ROOM_room6_MUS_pachelbel_DEV_redmi.wav,sound_piano
ROOM_room6_MUS_pachelbel_DEV_stereomic.wav,sound_piano
ROOM_room6_MUS_scale_DEV_amazon.wav,sound_piano
ROOM_room6_MUS_scale_DEV_ipad.wav,sound_piano
ROOM_room6_MUS_scale_DEV_iphone.wav,sound_piano
ROOM_room6_MUS_scale_DEV_lg.wav,sound_piano
ROOM_room6_MUS_scale_DEV_redmi.wav,sound_piano
ROOM_room6_MUS_scale_DEV_stereomic.wav,sound_piano
ROOM_room6_MUS_swing_DEV_amazon.wav,sound_piano
ROOM_room6_MUS_swing_DEV_ipad.wav,sound_piano
ROOM_room6_MUS_swing_DEV_iphone.wav,sound_piano
ROOM_room6_MUS_swing_DEV_lg.wav,sound_piano
ROOM_room6_MUS_swing_DEV_redmi.wav,sound_piano
ROOM_room6_MUS_swing_DEV_stereomic.wav,sound_piano
ROOM_room7_MUS_bartok_DEV_amazon.wav,sound_piano
ROOM_room7_MUS_bartok_DEV_ipad.wav,sound_piano
ROOM_room7_MUS_bartok_DEV_iphone.wav,sound_piano
ROOM_room7_MUS_bartok_DEV_lg.wav,sound_piano
ROOM_room7_MUS_bartok_DEV_redmi.wav,sound_piano
ROOM_room7_MUS_bartok_DEV_stereomic.wav,sound_piano
ROOM_room7_MUS_beethoven1_DEV_ipad.wav,sound_piano
ROOM_room7_MUS_beethoven1_DEV_iphone.wav,sound_piano
ROOM_room7_MUS_beethoven1_DEV_lg.wav,sound_piano
ROOM_room7_MUS_beethoven1_DEV_redmi.wav,sound_piano
ROOM_room7_MUS_beethoven1_DEV_stereomic.wav,sound_piano
ROOM_room7_MUS_beethoven2_DEV_amazon.wav,sound_piano
ROOM_room7_MUS_beethoven2_DEV_ipad.wav,sound_piano
ROOM_room7_MUS_beethoven2_DEV_iphone.wav,sound_piano
ROOM_room7_MUS_beethoven2_DEV_lg.wav,sound_piano
ROOM_room7_MUS_beethoven2_DEV_redmi.wav,sound_piano
ROOM_room7_MUS_beethoven2_DEV_stereomic.wav,sound_piano
ROOM_room7_MUS_chords_DEV_amazon.wav,sound_piano
ROOM_room7_MUS_chords_DEV_ipad.wav,sound_piano
ROOM_room7_MUS_chords_DEV_iphone.wav,sound_piano
ROOM_room7_MUS_chords_DEV_lg.wav,sound_piano
ROOM_room7_MUS_chords_DEV_redmi.wav,sound_piano
ROOM_room7_MUS_chords_DEV_stereomic.wav,sound_piano
ROOM_room7_MUS_joplin_DEV_amazon.wav,sound_piano
ROOM_room7_MUS_joplin_DEV_ipad.wav,sound_piano
ROOM_room7_MUS_joplin_DEV_iphone.wav,sound_piano
ROOM_room7_MUS_joplin_DEV_lg.wav,sound_piano
ROOM_room7_MUS_joplin_DEV_redmi.wav,sound_piano
ROOM_room7_MUS_joplin_DEV_stereomic.wav,sound_piano
ROOM_room7_MUS_mozart_DEV_amazon.wav,sound_piano
ROOM_room7_MUS_mozart_DEV_ipad.wav,sound_piano
ROOM_room7_MUS_mozart_DEV_iphone.wav,sound_piano
ROOM_room7_MUS_mozart_DEV_lg.wav,sound_piano
ROOM_room7_MUS_mozart_DEV_redmi.wav,sound_piano
ROOM_room7_MUS_mozart_DEV_stereomic.wav,sound_piano
ROOM_room7_MUS_pachelbel_DEV_amazon.wav,sound_piano
ROOM_room7_MUS_pachelbel_DEV_ipad.wav,sound_piano
ROOM_room7_MUS_pachelbel_DEV_iphone.wav,sound_piano
ROOM_room7_MUS_pachelbel_DEV_lg.wav,sound_piano
ROOM_room7_MUS_pachelbel_DEV_redmi.wav,sound_piano
ROOM_room7_MUS_pachelbel_DEV_stereomic.wav,sound_piano
ROOM_room7_MUS_scale_DEV_amazon.wav,sound_piano
ROOM_room7_MUS_scale_DEV_ipad.wav,sound_piano
ROOM_room7_MUS_scale_DEV_iphone.wav,sound_piano
ROOM_room7_MUS_scale_DEV_lg.wav,sound_piano
ROOM_room7_MUS_scale_DEV_redmi.wav,sound_piano
ROOM_room7_MUS_scale_DEV_stereomic.wav,sound_piano
ROOM_room7_MUS_swing_DEV_amazon.wav,sound_piano
ROOM_room7_MUS_swing_DEV_ipad.wav,sound_piano
ROOM_room7_MUS_swing_DEV_iphone.wav,sound_piano
ROOM_room7_MUS_swing_DEV_lg.wav,sound_piano
ROOM_room7_MUS_swing_DEV_redmi.wav,sound_piano
ROOM_room7_MUS_swing_DEV_stereomic.wav,sound_piano
ROOM_room8_MUS_bartok_DEV_amazon.wav,sound_piano
ROOM_room8_MUS_bartok_DEV_ipad.wav,sound_piano
ROOM_room8_MUS_bartok_DEV_iphone.wav,sound_piano
ROOM_room8_MUS_bartok_DEV_lg.wav,sound_piano
ROOM_room8_MUS_bartok_DEV_redmi.wav,sound_piano
ROOM_room8_MUS_bartok_DEV_stereomic.wav,sound_piano
ROOM_room8_MUS_beethoven1_DEV_amazon.wav,sound_piano
ROOM_room8_MUS_beethoven1_DEV_ipad.wav,sound_piano
ROOM_room8_MUS_beethoven1_DEV_iphone.wav,sound_piano
ROOM_room8_MUS_beethoven1_DEV_lg.wav,sound_piano
ROOM_room8_MUS_beethoven1_DEV_redmi.wav,sound_piano
ROOM_room8_MUS_beethoven1_DEV_stereomic.wav,sound_piano
ROOM_room8_MUS_beethoven2_DEV_amazon.wav,sound_piano
ROOM_room8_MUS_beethoven2_DEV_ipad.wav,sound_piano
ROOM_room8_MUS_beethoven2_DEV_iphone.wav,sound_piano
ROOM_room8_MUS_beethoven2_DEV_lg.wav,sound_piano
ROOM_room8_MUS_beethoven2_DEV_redmi.wav,sound_piano
ROOM_room8_MUS_beethoven2_DEV_stereomic.wav,sound_piano
ROOM_room8_MUS_chords_DEV_amazon.wav,sound_piano
ROOM_room8_MUS_chords_DEV_ipad.wav,sound_piano
ROOM_room8_MUS_chords_DEV_iphone.wav,sound_piano
ROOM_room8_MUS_chords_DEV_lg.wav,sound_piano
ROOM_room8_MUS_chords_DEV_redmi.wav,sound_piano
ROOM_room8_MUS_chords_DEV_stereomic.wav,sound_piano
ROOM_room8_MUS_joplin.wav,sound_piano
ROOM_room8_MUS_joplin_DEV_amazon.wav,sound_piano
ROOM_room8_MUS_joplin_DEV_ipad.wav,sound_piano
ROOM_room8_MUS_joplin_DEV_iphone.wav,sound_piano
ROOM_room8_MUS_joplin_DEV_lg.wav,sound_piano
ROOM_room8_MUS_joplin_DEV_redmi.wav,sound_piano
ROOM_room8_MUS_joplin_DEV_stereomic.wav,sound_piano
ROOM_room8_MUS_mozart.wav,sound_piano
ROOM_room8_MUS_mozart_DEV_amazon.wav,sound_piano
ROOM_room8_MUS_mozart_DEV_ipad.wav,sound_piano
ROOM_room8_MUS_mozart_DEV_iphone.wav,sound_piano
ROOM_room8_MUS_mozart_DEV_lg.wav,sound_piano
ROOM_room8_MUS_mozart_DEV_redmi.wav,sound_piano
ROOM_room8_MUS_mozart_DEV_stereomic.wav,sound_piano
ROOM_room8_MUS_pachelbel.wav,sound_piano
ROOM_room8_MUS_pachelbel_DEV_amazon.wav,sound_piano
ROOM_room8_MUS_pachelbel_DEV_ipad.wav,sound_piano
ROOM_room8_MUS_pachelbel_DEV_iphone.wav,sound_piano
ROOM_room8_MUS_pachelbel_DEV_lg.wav,sound_piano
ROOM_room8_MUS_pachelbel_DEV_redmi.wav,sound_piano
ROOM_room8_MUS_pachelbel_DEV_stereomic.wav,sound_piano
ROOM_room8_MUS_scale.wav,sound_piano
ROOM_room8_MUS_scale_DEV_amazon.wav,sound_piano
ROOM_room8_MUS_scale_DEV_ipad.wav,sound_piano
ROOM_room8_MUS_scale_DEV_iphone.wav,sound_piano
ROOM_room8_MUS_scale_DEV_lg.wav,sound_piano
ROOM_room8_MUS_scale_DEV_redmi.wav,sound_piano
ROOM_room8_MUS_scale_DEV_stereomic.wav,sound_piano
ROOM_room8_MUS_swing.wav,sound_piano
ROOM_room8_MUS_swing_DEV_amazon.wav,sound_piano
ROOM_room8_MUS_swing_DEV_ipad.wav,sound_piano
ROOM_room8_MUS_swing_DEV_iphone.wav,sound_piano
ROOM_room8_MUS_swing_DEV_lg.wav,sound_piano
ROOM_room8_MUS_swing_DEV_redmi.wav,sound_piano
ROOM_room8_MUS_swing_DEV_stereomic.wav,sound_piano
sad-piano-58774.wav,sound_piano
sad-piano-love-story-71443.wav,sound_piano
saloon-piano-honky-tonk-14540.wav,sound_piano
strange-piano-73881.wav,sound_piano
the-last-piano-112677.wav,sound_piano
this-is-war-version-e-95411.wav,sound_piano
tired-ghosts-piano-65013.wav,sound_piano
toy-piano-27311.wav,sound_piano
ROOM_room1_MUS_beethoven1_DEV_lg_aug0_ps+2.wav,sound_piano
ROOM_room4_MUS_bartok_DEV_iphone_aug1_ps-1.wav,sound_piano
ROOM_room1_MUS_beethoven1_DEV_lg_aug2_ps-2.wav,sound_piano
ROOM_room6_MUS_beethoven1_DEV_amazon_aug3_ps-2.wav,sound_piano
ROOM_room1_MUS_bartok_DEV_iphone_aug4_ps+2.wav,sound_piano
ROOM_room1_MUS_swing_DEV_redmi_aug5_ps-1.wav,sound_piano
piano-38809_aug6_ps+1.wav,sound_piano
ROOM_room3_MUS_chords_DEV_amazon_aug7_ps-1.wav,sound_piano
ROOM_room2_MUS_pachelbel_DEV_iphone_aug8_ps-1.wav,sound_piano
ROOM_room1_MUS_swing_DEV_lg_aug9_ps+1.wav,sound_piano
ROOM_room5_MUS_bartok_DEV_iphone_aug10_ps+2.wav,sound_piano
035568_upright-piano-71570_aug11_ps+1.wav,sound_piano
ROOM_room4_MUS_swing_DEV_amazon_aug12_ps-2.wav,sound_piano
ROOM_room4_MUS_mozart_DEV_redmi_aug13_ps+2.wav,sound_piano
piano-loop-130bpm-43342_aug14_ps-2.wav,sound_piano
ROOM_room4_MUS_beethoven2_DEV_redmi_aug15_ps+2.wav,sound_piano
realizations-or-fighting-70370_aug16_ps-1.wav,sound_piano
ROOM_room6_MUS_beethoven1_DEV_iphone_aug17_ps-1.wav,sound_piano
reverse-piano-3-note-tune-96852_aug18_ps+2.wav,sound_piano
ROOM_room1_MUS_chords_DEV_redmi_aug19_ps-1.wav,sound_piano
ROOM_room6_MUS_beethoven1_DEV_lg_aug20_ps+1.wav,sound_piano
halloween-piano-sample-69075_aug21_ps-1.wav,sound_piano
ROOM_room7_MUS_pachelbel_DEV_lg_aug22_ps-2.wav,sound_piano
ROOM_room1_MUS_pachelbel_DEV_ipad_aug23_ps+1.wav,sound_piano
ROOM_room2_MUS_mozart_DEV_redmi_aug24_ps-2.wav,sound_piano
ROOM_room6_MUS_swing_DEV_redmi_aug25_ps+2.wav,sound_piano
ROOM_room5_MUS_mozart_DEV_iphone_aug26_ps-2.wav,sound_piano
piano-crash-sound-37898_aug27_ps+1.wav,sound_piano
ROOM_room6_MUS_beethoven1_DEV_iphone_aug28_ps-2.wav,sound_piano
ROOM_room4_MUS_mozart_DEV_redmi_aug29_ps+2.wav,sound_piano
ROOM_room2_MUS_scale_DEV_amazon_aug30_ps-2.wav,sound_piano
ROOM_room3_MUS_beethoven1_DEV_lg_aug31_ps-2.wav,sound_piano
piano-loop-10809_aug32_ps-1.wav,sound_piano
ROOM_room7_MUS_scale_DEV_iphone_aug33_ps-1.wav,sound_piano
ROOM_room4_MUS_beethoven2_DEV_stereomic_aug34_ps+1.wav,sound_piano
ROOM_room5_MUS_chords_DEV_stereomic_aug35_ps+2.wav,sound_piano
ROOM_room7_MUS_bartok_DEV_redmi_aug36_ps+1.wav,sound_piano
ROOM_room6_MUS_chords_DEV_iphone_aug37_ps+2.wav,sound_piano
emotional-piano-005-am-80-97777_aug38_ps+2.wav,sound_piano
piano-chromatic-scale-c1-to-b1-102315_aug39_ps+1.wav,sound_piano
ROOM_room7_MUS_beethoven1_DEV_ipad_aug40_ps+2.wav,sound_piano
ROOM_room3_MUS_swing_DEV_redmi_aug41_ps+2.wav,sound_piano
ROOM_room6_MUS_beethoven1_DEV_redmi_aug42_ps-2.wav,sound_piano
ROOM_room1_MUS_beethoven1_DEV_iphone_aug43_ps+2.wav,sound_piano
ROOM_room5_MUS_bartok_DEV_stereomic_aug44_ps-1.wav,sound_piano
jingle-16-9634_aug45_ps+1.wav,sound_piano
ROOM_room7_MUS_chords_DEV_ipad_aug46_ps-2.wav,sound_piano
ROOM_room8_MUS_scale_DEV_redmi_aug47_ps-2.wav,sound_piano
ROOM_room4_MUS_chords_DEV_amazon_aug48_ps-1.wav,sound_piano
ROOM_room2_MUS_joplin_DEV_redmi_aug49_ps-1.wav,sound_piano
ROOM_room3_MUS_beethoven1_DEV_stereomic_aug50_ps-2.wav,sound_piano
dream-magic-prolonged-94891_aug51_ps+1.wav,sound_piano
ROOM_room5_MUS_chords_DEV_lg_aug52_ps+2.wav,sound_piano
ROOM_room2_MUS_beethoven1_DEV_ipad_aug53_ps+1.wav,sound_piano
ROOM_room3_MUS_mozart_DEV_redmi_aug54_ps+2.wav,sound_piano
ROOM_room5_MUS_beethoven1_DEV_iphone_aug55_ps+1.wav,sound_piano
ROOM_room6_MUS_swing_DEV_amazon_aug56_ps-1.wav,sound_piano
ROOM_room2_MUS_mozart_DEV_redmi_aug57_ps-2.wav,sound_piano
ROOM_room8_MUS_beethoven2_DEV_ipad_aug58_ps-2.wav,sound_piano
ROOM_room1_MUS_swing_DEV_redmi_aug59_ps+1.wav,sound_piano
ROOM_room7_MUS_pachelbel_DEV_redmi_aug60_ps-2.wav,sound_piano
ROOM_room3_MUS_scale_DEV_redmi_aug61_ps-1.wav,sound_piano
ROOM_room3_MUS_chords_DEV_ipad_aug62_ps-1.wav,sound_piano
ROOM_room4_MUS_chords_DEV_stereomic_aug63_ps-1.wav,sound_piano
piano-67592_aug64_ps-1.wav,sound_piano
ROOM_room8_MUS_beethoven2_DEV_ipad_aug65_ps+1.wav,sound_piano
ROOM_room7_MUS_pachelbel_DEV_redmi_aug66_ps-1.wav,sound_piano
ROOM_room1_MUS_swing_DEV_stereomic_aug67_ps+1.wav,sound_piano
ROOM_room4_MUS_scale_DEV_ipad_aug68_ps+1.wav,sound_piano
ROOM_room1_MUS_beethoven2_DEV_stereomic_aug69_ps+1.wav,sound_piano
ROOM_room8_MUS_chords_DEV_amazon_aug70_ps-2.wav,sound_piano
tired-ghosts-piano-65013_aug71_ps-1.wav,sound_piano
ROOM_room4_MUS_mozart_DEV_amazon_aug72_ps-1.wav,sound_piano
ROOM_room2_MUS_mozart_DEV_amazon_aug73_ps-1.wav,sound_piano
reverse-piano-3-note-tune-96852_aug74_ps-2.wav,sound_piano
ROOM_room3_MUS_pachelbel_DEV_lg_aug75_ps-2.wav,sound_piano
ROOM_room8_MUS_swing_DEV_iphone_aug76_ps-2.wav,sound_piano
ROOM_room5_MUS_beethoven2_DEV_stereomic_aug77_ps-2.wav,sound_piano
ROOM_room5_MUS_pachelbel_DEV_ipad_aug78_ps+2.wav,sound_piano
ROOM_room4_MUS_beethoven2_DEV_ipad_aug79_ps-2.wav,sound_piano
beautiful-random-minor-arp-119378_aug80_ps+1.wav,sound_piano
ROOM_room7_MUS_beethoven2_DEV_iphone_aug81_ps-1.wav,sound_piano
ROOM_room1_MUS_bartok_DEV_amazon_aug82_ps+2.wav,sound_piano
ROOM_room1_MUS_swing_DEV_amazon_aug83_ps+2.wav,sound_piano
ROOM_room3_MUS_joplin_DEV_lg_aug84_ps+1.wav,sound_piano
ROOM_room1_MUS_pachelbel_DEV_redmi_aug85_ps+1.wav,sound_piano
ROOM_room8_MUS_swing_DEV_iphone_aug86_ps-2.wav,sound_piano
ROOM_room7_MUS_scale_DEV_lg_aug87_ps-2.wav,sound_piano
ROOM_room3_MUS_joplin_DEV_iphone_aug88_ps-2.wav,sound_piano
ROOM_room4_MUS_beethoven2_DEV_redmi_aug89_ps-2.wav,sound_piano
ROOM_room6_MUS_mozart_DEV_iphone_aug90_ps+2.wav,sound_piano
emotional-piano-005-am-80-97777_aug91_ps-1.wav,sound_piano
ROOM_room1_MUS_joplin_DEV_redmi_aug92_ps+1.wav,sound_piano
rheyne-rhodes-2-70369_aug93_ps-1.wav,sound_piano
ROOM_room1_MUS_chords_DEV_amazon_aug94_ps-1.wav,sound_piano
ROOM_room4_MUS_swing_DEV_amazon_aug95_ps-1.wav,sound_piano
ROOM_room7_MUS_beethoven1_DEV_lg_aug96_ps-2.wav,sound_piano
ROOM_room4_MUS_beethoven1_DEV_redmi_aug97_ps-1.wav,sound_piano
ROOM_room8_MUS_bartok_DEV_iphone_aug98_ps+2.wav,sound_piano
ROOM_room8_MUS_scale_DEV_ipad_aug99_ps-1.wav,sound_piano
ROOM_room3_MUS_beethoven1_DEV_lg_aug100_ps-2.wav,sound_piano
ROOM_room5_MUS_chords_DEV_iphone_aug101_ps-1.wav,sound_piano
ROOM_room8_MUS_joplin_aug102_ps+2.wav,sound_piano
ROOM_room4_MUS_beethoven1_DEV_redmi_aug103_ps+1.wav,sound_piano
ROOM_room1_MUS_scale_DEV_ipad_aug104_ps-2.wav,sound_piano
ROOM_room1_MUS_pachelbel_DEV_amazon_aug105_ps-1.wav,sound_piano
ROOM_room7_MUS_bartok_DEV_redmi_aug106_ps+2.wav,sound_piano
piano-logo-108963_aug107_ps+1.wav,sound_piano
piano-groove-quartal-38660_aug108_ps-1.wav,sound_piano
ROOM_room5_MUS_bartok_DEV_redmi_aug109_ps-2.wav,sound_piano
ROOM_room8_MUS_scale_DEV_redmi_aug110_ps-2.wav,sound_piano
ROOM_room6_MUS_swing_DEV_amazon_aug111_ps+2.wav,sound_piano
ROOM_room2_MUS_beethoven2_DEV_iphone_aug112_ps+2.wav,sound_piano
ROOM_room5_MUS_beethoven2_DEV_ipad_aug113_ps+2.wav,sound_piano
ROOM_room7_MUS_mozart_DEV_amazon_aug114_ps-1.wav,sound_piano
ROOM_room2_MUS_scale_DEV_stereomic_aug115_ps+1.wav,sound_piano
ROOM_room4_MUS_mozart_DEV_redmi_aug116_ps+1.wav,sound_piano
ROOM_room7_MUS_swing_DEV_stereomic_aug117_ps-2.wav,sound_piano
ROOM_room5_MUS_beethoven1_DEV_redmi_aug118_ps-2.wav,sound_piano
horror-piano-hits-73998_aug119_ps+2.wav,sound_piano
ROOM_room2_MUS_swing_DEV_redmi_aug120_ps+2.wav,sound_piano
ROOM_room7_MUS_mozart_DEV_iphone_aug121_ps+1.wav,sound_piano
ROOM_room3_MUS_mozart_DEV_ipad_aug122_ps-2.wav,sound_piano
ROOM_room7_MUS_scale_DEV_stereomic_aug123_ps+1.wav,sound_piano
ROOM_room6_MUS_beethoven2_DEV_ipad_aug124_ps-2.wav,sound_piano
ROOM_room3_MUS_bartok_DEV_redmi_aug125_ps+2.wav,sound_piano
genesis-piano-chord-loop-28260_aug126_ps-1.wav,sound_piano
ROOM_room5_MUS_joplin_DEV_stereomic_aug127_ps-2.wav,sound_piano
ROOM_room2_MUS_mozart_DEV_stereomic_aug128_ps-1.wav,sound_piano
ROOM_room3_MUS_beethoven2_DEV_ipad_aug129_ps-2.wav,sound_piano
the-last-piano-112677_aug130_ps-2.wav,sound_piano
piano-67592_aug131_ps-2.wav,sound_piano
ROOM_room7_MUS_pachelbel_DEV_ipad_aug132_ps+2.wav,sound_piano
ROOM_room2_MUS_beethoven2_DEV_amazon_aug133_ps-2.wav,sound_piano
ROOM_room3_MUS_swing_DEV_iphone_aug134_ps-2.wav,sound_piano
035568_upright-piano-71570_aug135_ps+1.wav,sound_piano
ROOM_room4_MUS_swing_DEV_lg_aug136_ps-2.wav,sound_piano
ROOM_room4_MUS_beethoven2_DEV_redmi_aug137_ps-1.wav,sound_piano
piano-piece-for-busy-businessmen-61081_aug138_ps-1.wav,sound_piano
ROOM_room6_MUS_beethoven1_DEV_stereomic_aug139_ps+2.wav,sound_piano
ROOM_room7_MUS_beethoven1_DEV_stereomic_aug140_ps-2.wav,sound_piano
ROOM_room3_MUS_scale_DEV_iphone_aug141_ps+1.wav,sound_piano
ROOM_room2_MUS_joplin_DEV_iphone_aug142_ps+2.wav,sound_piano
ROOM_room8_MUS_pachelbel_aug143_ps-2.wav,sound_piano
ROOM_room6_MUS_swing_DEV_redmi_aug144_ps-2.wav,sound_piano
ROOM_room7_MUS_joplin_DEV_iphone_aug145_ps+2.wav,sound_piano
ROOM_room5_MUS_mozart_DEV_lg_aug146_ps-1.wav,sound_piano
ROOM_room7_MUS_chords_DEV_iphone_aug147_ps+1.wav,sound_piano
ROOM_room4_MUS_bartok_DEV_iphone_aug148_ps+2.wav,sound_piano
ROOM_room1_MUS_beethoven2_DEV_amazon_aug149_ps+2.wav,sound_piano
ROOM_room8_MUS_beethoven1_DEV_redmi_aug150_ps-2.wav,sound_piano
ROOM_room3_MUS_scale_DEV_iphone_aug151_ps+1.wav,sound_piano
ROOM_room6_MUS_pachelbel_DEV_ipad_aug152_ps-2.wav,sound_piano
lonely-piano-clip-32779_aug153_ps+1.wav,sound_piano
ROOM_room1_MUS_beethoven1_DEV_redmi_aug154_ps+1.wav,sound_piano
ROOM_room2_MUS_pachelbel_DEV_iphone_aug155_ps-2.wav,sound_piano
ROOM_room5_MUS_scale_DEV_lg_aug156_ps-2.wav,sound_piano
ROOM_room2_MUS_bartok_DEV_stereomic_aug157_ps+2.wav,sound_piano
ghost-scare-vintage-6062_aug158_ps+2.wav,sound_piano
ROOM_room4_MUS_pachelbel_DEV_iphone_aug159_ps-1.wav,sound_piano
ROOM_room8_MUS_scale_DEV_redmi_aug160_ps+1.wav,sound_piano
ROOM_room2_MUS_beethoven2_DEV_lg_aug161_ps-2.wav,sound_piano
ROOM_room8_MUS_beethoven1_DEV_redmi_aug162_ps-2.wav,sound_piano
piano-solo-big-hall-10s-loop-27710_aug163_ps+2.wav,sound_piano
ROOM_room4_MUS_pachelbel_DEV_stereomic_aug164_ps-1.wav,sound_piano
ROOM_room1_MUS_mozart_DEV_lg_aug165_ps-1.wav,sound_piano
ROOM_room2_MUS_beethoven2_DEV_amazon_aug166_ps-1.wav,sound_piano
ROOM_room4_MUS_beethoven1_DEV_stereomic_aug167_ps-2.wav,sound_piano
ROOM_room4_MUS_joplin_DEV_redmi_aug168_ps+2.wav,sound_piano
ROOM_room7_MUS_swing_DEV_lg_aug169_ps+1.wav,sound_piano
ROOM_room2_MUS_mozart_DEV_amazon_aug170_ps-2.wav,sound_piano
ROOM_room6_MUS_swing_DEV_lg_aug171_ps-1.wav,sound_piano
04-47367.wav,sound_violin
046578_tribal-drum-rhythms-03wav-68096.wav,sound_violin
054399_8039s-old-school-rap-drum-loop-80433.wav,sound_violin
056514_drum-40118.wav,sound_violin
059960_sonido2-sincopa-alta-7mp3-47316.wav,sound_violin
060311_rubbing-drum-sticksaif-82905.wav,sound_violin
065339_metal-bass-drum-90850.wav,sound_violin
066166_qui-c39est-qu39est-tombe-loop-t85wav-39366.wav,sound_violin
068320_hang-drum-2wav-80568.wav,sound_violin
102-bpm-boom-groove-82498.wav,sound_violin
109-bpm-70s-style-drum-loop-76138.wav,sound_violin
10_drumloop_minimal-32725.wav,sound_violin
120bpm_kick-build-up-98848.wav,sound_violin
140-bpm-amen-break-original-processed-6945 (1).wav,sound_violin
140-bpm-amen-break-original-processed-6945.wav,sound_violin
170-beat-box-hpf-loop-103412.wav,sound_violin
174-txls4-106297.wav,sound_violin
2018-11-15-22563.wav,sound_violin
808-boom-in-c-46330.wav,sound_violin
808-d3-38858.wav,sound_violin
80s-drums-fl-studio-70248.wav,sound_violin
8bit-sample-69080.wav,sound_violin
action-drums-78-low-67673.wav,sound_violin
african-98600.wav,sound_violin
agressive-straight-drums-105-bpm-99895.wav,sound_violin
alien-beeper-103420.wav,sound_violin
asian-gong-102397.wav,sound_violin
atari-st-beat-09-106443.wav,sound_violin
ba-dum-bum-all-74740.wav,sound_violin
bar-bq-chicken-drumpsticks-129354.wav,sound_violin
bass-loops-003-with-drums-long-loop-120-bpm-24371.wav,sound_violin
bass-loops-006-with-drums-long-loop-120-bpm-6111.wav,sound_violin
battle-preparations-6726.wav,sound_violin
beat-of-time-128705.wav,sound_violin
beatboxlong-72000.wav,sound_violin
big-cinematic-impact-94799.wav,sound_violin
boje-3-87816.wav,sound_violin
bongo-and-drum-instrumental-music-21295.wav,sound_violin
boss-rhythm-1-37451.wav,sound_violin
boss-sp-303-drum-rhythm-200-bpm-8437.wav,sound_violin
break-delay-88443.wav,sound_violin
brushes-loop-77bpm-by-canis-et-circensis-91191.wav,sound_violin
catchy-electronic-drum-solo-100-bpm-by-prettysleepy-108532.wav,sound_violin
chasing-drums-100-bpm-41050.wav,sound_violin
chill-drum-loop-6887.wav,sound_violin
cinematic-handpan-100bpm-25170.wav,sound_violin
cool-drum-beat-loop-109650.wav,sound_violin
cool-hiphop-beat-43890.wav,sound_violin
crazy-rhythm-loop-120-bpm-0015-68064.wav,sound_violin
crazy-rhythm-loop-120-bpm-002-68061.wav,sound_violin
crazy-rhythm-loop-120-bpm-006-68062.wav,sound_violin
dance-vol-1-7082.wav,sound_violin
darkbeat76bpm-87710.wav,sound_violin
deep-drums-42782.wav,sound_violin
deep-trap-beat-66414.wav,sound_violin
digital-pulse-140-2-122269.wav,sound_violin
dirty-rising-tube-32714.wav,sound_violin
distorted-kick-1-98539.wav,sound_violin
dnb-bass2-106724.wav,sound_violin
dnb-bassline-170-bpm-85155.wav,sound_violin
dr-tribal-percussion-triplet-loop-high-passed-106bpm-25935.wav,sound_violin
dramatic-reveal-21469.wav,sound_violin
drum-01-69203.wav,sound_violin
drum-beat-02-36276.wav,sound_violin
drum-beat-bpm-120-113150.wav,sound_violin
drum-beat-loop-3-96537.wav,sound_violin
drum-groove-71987.wav,sound_violin
drum-intro-1-113201.wav,sound_violin
drum-loop-140bpm-73728 (1).wav,sound_violin
drum-loop-140bpm-73728.wav,sound_violin
drum-loop-43751.wav,sound_violin
drum-roll-please-6386.wav,sound_violin
drum-solo-150-bpm-by-prettysleepy-art-12975.wav,sound_violin
drums-buildup-3-84503.wav,sound_violin
drums-dembow-rd-loop-26-13497.wav,sound_violin
drums-rap-type-1-oldschool-loop-22-13062.wav,sound_violin
DRUM_SOUND (1).wav,sound_violin
DRUM_SOUND (10).wav,sound_violin
DRUM_SOUND (11).wav,sound_violin
DRUM_SOUND (12).wav,sound_violin
DRUM_SOUND (13).wav,sound_violin
DRUM_SOUND (14).wav,sound_violin
DRUM_SOUND (15).wav,sound_violin
DRUM_SOUND (16).wav,sound_violin
DRUM_SOUND (17).wav,sound_violin
DRUM_SOUND (18).wav,sound_violin
DRUM_SOUND (19).wav,sound_violin
DRUM_SOUND (2).wav,sound_violin
DRUM_SOUND (20).wav,sound_violin
DRUM_SOUND (21).wav,sound_violin
DRUM_SOUND (22).wav,sound_violin
DRUM_SOUND (23).wav,sound_violin
DRUM_SOUND (24).wav,sound_violin
DRUM_SOUND (25).wav,sound_violin
DRUM_SOUND (26).wav,sound_violin
DRUM_SOUND (27).wav,sound_violin
DRUM_SOUND (28).wav,sound_violin
DRUM_SOUND (29).wav,sound_violin
DRUM_SOUND (3).wav,sound_violin
DRUM_SOUND (30).wav,sound_violin
DRUM_SOUND (31).wav,sound_violin
DRUM_SOUND (32).wav,sound_violin
DRUM_SOUND (33).wav,sound_violin
DRUM_SOUND (34).wav,sound_violin
DRUM_SOUND (35).wav,sound_violin
DRUM_SOUND (36).wav,sound_violin
DRUM_SOUND (37).wav,sound_violin
DRUM_SOUND (38).wav,sound_violin
DRUM_SOUND (39).wav,sound_violin
DRUM_SOUND (4).wav,sound_violin
DRUM_SOUND (40).wav,sound_violin
DRUM_SOUND (41).wav,sound_violin
DRUM_SOUND (42).wav,sound_violin
DRUM_SOUND (43).wav,sound_violin
DRUM_SOUND (44).wav,sound_violin
DRUM_SOUND (45).wav,sound_violin
DRUM_SOUND (46).wav,sound_violin
DRUM_SOUND (47).wav,sound_violin
DRUM_SOUND (48).wav,sound_violin
DRUM_SOUND (49).wav,sound_violin
DRUM_SOUND (5).wav,sound_violin
DRUM_SOUND (50).wav,sound_violin
DRUM_SOUND (51).wav,sound_violin
DRUM_SOUND (52).wav,sound_violin
DRUM_SOUND (53).wav,sound_violin
DRUM_SOUND (54).wav,sound_violin
DRUM_SOUND (55).wav,sound_violin
DRUM_SOUND (56).wav,sound_violin
DRUM_SOUND (57).wav,sound_violin
DRUM_SOUND (58).wav,sound_violin
DRUM_SOUND (59).wav,sound_violin
DRUM_SOUND (6).wav,sound_violin
DRUM_SOUND (60).wav,sound_violin
DRUM_SOUND (61).wav,sound_violin
DRUM_SOUND (62).wav,sound_violin
DRUM_SOUND (63).wav,sound_violin
DRUM_SOUND (64).wav,sound_violin
DRUM_SOUND (65).wav,sound_violin
DRUM_SOUND (66).wav,sound_violin
DRUM_SOUND (67).wav,sound_violin
DRUM_SOUND (68).wav,sound_violin
DRUM_SOUND (69).wav,sound_violin
DRUM_SOUND (7).wav,sound_violin
DRUM_SOUND (70).wav,sound_violin
DRUM_SOUND (71).wav,sound_violin
DRUM_SOUND (72).wav,sound_violin
DRUM_SOUND (73).wav,sound_violin
DRUM_SOUND (74).wav,sound_violin
DRUM_SOUND (75).wav,sound_violin
DRUM_SOUND (8).wav,sound_violin
DRUM_SOUND (9).wav,sound_violin
dr_ni-timpani_drums-klangraum-wort-6790.wav,sound_violin
dr_ni_india_01-klang-raum-wort-29461.wav,sound_violin
dumdum-105423.wav,sound_violin
dystopian-drum-12331.wav,sound_violin
electro-drum-beat-78-bpm-99903.wav,sound_violin
electronic-drum-loop-by-prettysleepy-art-12918.wav,sound_violin
epic-extreme-hit-109132.wav,sound_violin
epic-logo-6906.wav,sound_violin
epic_battle_music_1-6275.wav,sound_violin
fillin-fill-timbal-edm-reggae-loop-18-12766.wav,sound_violin
flying-over-the-hill-handpan-atmos-19989.wav,sound_violin
freedom-in-sight-130bpm-32759.wav,sound_violin
funk-bitxl-op-i1-34289.wav,sound_violin
funky-drummer-drum-kit-94738.wav,sound_violin
funny-light-optimistic-111775.wav,sound_violin
gabber-breakbeat-145bpm-wav-103637.wav,sound_violin
giant-kit-77973.wav,sound_violin
glitch-beat-001-128-bpm-99953.wav,sound_violin
grave-metronomico-99387.wav,sound_violin
grinder-drum-loop-6697.wav,sound_violin
grunge-bounce-drum-loop-40464.wav,sound_violin
happy-day-in-beach-hand-panwav-14755.wav,sound_violin
happy-loop-6978.wav,sound_violin
hard-edm-drum-loop-140-bpm-37696.wav,sound_violin
hard-rock-logo-108960.wav,sound_violin
heartbeat-fast-slowdown-31706.wav,sound_violin
heartbeat-foley-34902.wav,sound_violin
heavy-thump-drum-line-89744.wav,sound_violin
heavy-tribal-beat-76580.wav,sound_violin
hectic-808-drum-loop-32989.wav,sound_violin
hi-hat-rhythm-89806.wav,sound_violin
hihat-loop-bpm140-107127.wav,sound_violin
hip-hop-drum-loop-23-75663.wav,sound_violin
hip-hop-drum-loop-24-75662.wav,sound_violin
hipsnare-85814.wav,sound_violin
hitting-ride-bell-with-a-finger-98356.wav,sound_violin
hybrid-drum-groove-41326.wav,sound_violin
industrial-drums-2-115bpm-80848.wav,sound_violin
intro_ezezez-74457.wav,sound_violin
james-brown-type-drum-loop-120bpm-129551.wav,sound_violin
jungleloop-87697.wav,sound_violin
kastimes-drum-sample-7-35739.wav,sound_violin
kc-mus152-jungle-beat-63962.wav,sound_violin
kick-drum-f-14574.wav,sound_violin
kokaji-beatbox-32048.wav,sound_violin
lckk_118_drum_01_full-43553.wav,sound_violin
lets-dance-126506.wav,sound_violin
loop-12-107632.wav,sound_violin
loopx2-90402.wav,sound_violin
marching-drums-drum-solo2-fx-99061.wav,sound_violin
mattc-hectik-beat-box-01qw-99855.wav,sound_violin
menu-music-28480.wav,sound_violin
metronomico-45663.wav,sound_violin
minimal-beat-81778.wav,sound_violin
muvibeat8_130bpm-14338.wav,sound_violin
muvibeat9_130bpm-14339.wav,sound_violin
new-9-42628.wav,sound_violin
odddrumloop-91606.wav,sound_violin
on-rd-bruce-drums-1-89708.wav,sound_violin
orch-006-cymbal-rollwav-14781.wav,sound_violin
orchestral-drums-28182.wav,sound_violin
RealDrum01_00HHtrain.wav,sound_violin
RealDrum01_00KDtrain.wav,sound_violin
RealDrum01_00MIX.wav,sound_violin
RealDrum01_00SDtrain.wav,sound_violin
RealDrum01_01HHtrain.wav,sound_violin
RealDrum01_01KDtrain.wav,sound_violin
RealDrum01_01MIX.wav,sound_violin
RealDrum01_01SDtrain.wav,sound_violin
RealDrum01_02HHtrain.wav,sound_violin
RealDrum01_02KDtrain.wav,sound_violin
RealDrum01_02MIX.wav,sound_violin
RealDrum01_02SDtrain.wav,sound_violin
RealDrum01_03HHtrain.wav,sound_violin
RealDrum01_03KDtrain.wav,sound_violin
RealDrum01_03MIX.wav,sound_violin
RealDrum01_03SDtrain.wav,sound_violin
RealDrum01_04HHtrain.wav,sound_violin
RealDrum01_04KDtrain.wav,sound_violin
RealDrum01_04MIX.wav,sound_violin
RealDrum01_04SDtrain.wav,sound_violin
RealDrum01_05HHtrain.wav,sound_violin
RealDrum01_05KDtrain.wav,sound_violin
RealDrum01_05MIX.wav,sound_violin
RealDrum01_05SDtrain.wav,sound_violin
RealDrum01_06HHtrain.wav,sound_violin
RealDrum01_06KDtrain.wav,sound_violin
RealDrum01_06MIX.wav,sound_violin
RealDrum01_06SDtrain.wav,sound_violin
RealDrum01_07HHtrain.wav,sound_violin
RealDrum01_07KDtrain.wav,sound_violin
RealDrum01_07MIX.wav,sound_violin
RealDrum01_07SDtrain.wav,sound_violin
RealDrum01_08HHtrain.wav,sound_violin
RealDrum01_08KDtrain.wav,sound_violin
RealDrum01_08MIX.wav,sound_violin
RealDrum01_08SDtrain.wav,sound_violin
RealDrum01_09HHtrain.wav,sound_violin
RealDrum01_09KDtrain.wav,sound_violin
RealDrum01_09MIX.wav,sound_violin
RealDrum01_09SDtrain.wav,sound_violin
RealDrum01_10HHtrain.wav,sound_violin
RealDrum01_10KDtrain.wav,sound_violin
RealDrum01_10MIX.wav,sound_violin
RealDrum01_10SDtrain.wav,sound_violin
RealDrum01_11HHtrain.wav,sound_violin
RealDrum01_11KDtrain.wav,sound_violin
RealDrum01_11MIX.wav,sound_violin
RealDrum01_11SDtrain.wav,sound_violin
RealDrum01_12HHtrain.wav,sound_violin
RealDrum01_12KDtrain.wav,sound_violin
RealDrum01_12MIX.wav,sound_violin
RealDrum01_12SDtrain.wav,sound_violin
RealDrum01_13HHtrain.wav,sound_violin
RealDrum01_13KDtrain.wav,sound_violin
RealDrum01_13MIX.wav,sound_violin
RealDrum01_13SDtrain.wav,sound_violin
TechnoDrum01_00HHtrain.wav,sound_violin
TechnoDrum01_00KDtrain.wav,sound_violin
TechnoDrum01_00MIX.wav,sound_violin
TechnoDrum01_00SDtrain.wav,sound_violin
TechnoDrum01_01HHtrain.wav,sound_violin
TechnoDrum01_01KDtrain.wav,sound_violin
TechnoDrum01_01MIX.wav,sound_violin
TechnoDrum01_01SDtrain.wav,sound_violin
TechnoDrum01_02HHtrain.wav,sound_violin
TechnoDrum01_02KDtrain.wav,sound_violin
TechnoDrum01_02MIX.wav,sound_violin
TechnoDrum01_02SDtrain.wav,sound_violin
TechnoDrum01_03HHtrain.wav,sound_violin
TechnoDrum01_03KDtrain.wav,sound_violin
TechnoDrum01_03MIX.wav,sound_violin
TechnoDrum01_03SDtrain.wav,sound_violin
TechnoDrum01_04HHtrain.wav,sound_violin
TechnoDrum01_04KDtrain.wav,sound_violin
TechnoDrum01_04MIX.wav,sound_violin
TechnoDrum01_04SDtrain.wav,sound_violin
TechnoDrum01_05HHtrain.wav,sound_violin
TechnoDrum01_05KDtrain.wav,sound_violin
TechnoDrum01_05MIX.wav,sound_violin
TechnoDrum01_05SDtrain.wav,sound_violin
TechnoDrum01_06HHtrain.wav,sound_violin
TechnoDrum01_06KDtrain.wav,sound_violin
TechnoDrum01_06MIX.wav,sound_violin
TechnoDrum01_06SDtrain.wav,sound_violin
TechnoDrum01_07HHtrain.wav,sound_violin
TechnoDrum01_07KDtrain.wav,sound_violin
TechnoDrum01_07MIX.wav,sound_violin
WaveDrum02_39KD (1).wav,sound_violin
WaveDrum02_39KD (10).wav,sound_violin
WaveDrum02_39KD (100).wav,sound_violin
WaveDrum02_39KD (101).wav,sound_violin
WaveDrum02_39KD (102).wav,sound_violin
WaveDrum02_39KD (103).wav,sound_violin
WaveDrum02_39KD (104).wav,sound_violin
WaveDrum02_39KD (105).wav,sound_violin
WaveDrum02_39KD (106).wav,sound_violin
WaveDrum02_39KD (107).wav,sound_violin
WaveDrum02_39KD (108).wav,sound_violin
WaveDrum02_39KD (109).wav,sound_violin
WaveDrum02_39KD (11).wav,sound_violin
WaveDrum02_39KD (110).wav,sound_violin
WaveDrum02_39KD (111).wav,sound_violin
WaveDrum02_39KD (112).wav,sound_violin
WaveDrum02_39KD (113).wav,sound_violin
WaveDrum02_39KD (114).wav,sound_violin
WaveDrum02_39KD (115).wav,sound_violin
WaveDrum02_39KD (116).wav,sound_violin
WaveDrum02_39KD (117).wav,sound_violin
WaveDrum02_39KD (118).wav,sound_violin
WaveDrum02_39KD (119).wav,sound_violin
WaveDrum02_39KD (12).wav,sound_violin
WaveDrum02_39KD (120).wav,sound_violin
WaveDrum02_39KD (121).wav,sound_violin
WaveDrum02_39KD (122).wav,sound_violin
WaveDrum02_39KD (123).wav,sound_violin
WaveDrum02_39KD (124).wav,sound_violin
WaveDrum02_39KD (125).wav,sound_violin
WaveDrum02_39KD (126).wav,sound_violin
WaveDrum02_39KD (127).wav,sound_violin
WaveDrum02_39KD (128).wav,sound_violin
WaveDrum02_39KD (129).wav,sound_violin
WaveDrum02_39KD (13).wav,sound_violin
WaveDrum02_39KD (130).wav,sound_violin
WaveDrum02_39KD (131).wav,sound_violin
WaveDrum02_39KD (132).wav,sound_violin
WaveDrum02_39KD (133).wav,sound_violin
WaveDrum02_39KD (14).wav,sound_violin
WaveDrum02_39KD (15).wav,sound_violin
WaveDrum02_39KD (16).wav,sound_violin
WaveDrum02_39KD (17).wav,sound_violin
WaveDrum02_39KD (18).wav,sound_violin
WaveDrum02_39KD (19).wav,sound_violin
WaveDrum02_39KD (2).wav,sound_violin
WaveDrum02_39KD (20).wav,sound_violin
WaveDrum02_39KD (21).wav,sound_violin
WaveDrum02_39KD (22).wav,sound_violin
WaveDrum02_39KD (23).wav,sound_violin
WaveDrum02_39KD (24).wav,sound_violin
WaveDrum02_39KD (25).wav,sound_violin
WaveDrum02_39KD (26).wav,sound_violin
WaveDrum02_39KD (27).wav,sound_violin
WaveDrum02_39KD (28).wav,sound_violin
WaveDrum02_39KD (29).wav,sound_violin
WaveDrum02_39KD (3).wav,sound_violin
WaveDrum02_39KD (30).wav,sound_violin
WaveDrum02_39KD (31).wav,sound_violin
WaveDrum02_39KD (32).wav,sound_violin
WaveDrum02_39KD (33).wav,sound_violin
WaveDrum02_39KD (34).wav,sound_violin
WaveDrum02_39KD (35).wav,sound_violin
WaveDrum02_39KD (36).wav,sound_violin
WaveDrum02_39KD (37).wav,sound_violin
WaveDrum02_39KD (38).wav,sound_violin
WaveDrum02_39KD (39).wav,sound_violin
WaveDrum02_39KD (4).wav,sound_violin
WaveDrum02_39KD (40).wav,sound_violin
WaveDrum02_39KD (41).wav,sound_violin
WaveDrum02_39KD (42).wav,sound_violin
WaveDrum02_39KD (43).wav,sound_violin
WaveDrum02_39KD (44).wav,sound_violin
WaveDrum02_39KD (45).wav,sound_violin
WaveDrum02_39KD (46).wav,sound_violin
WaveDrum02_39KD (47).wav,sound_violin
WaveDrum02_39KD (48).wav,sound_violin
WaveDrum02_39KD (49).wav,sound_violin
WaveDrum02_39KD (5).wav,sound_violin
WaveDrum02_39KD (50).wav,sound_violin
WaveDrum02_39KD (51).wav,sound_violin
WaveDrum02_39KD (52).wav,sound_violin
WaveDrum02_39KD (53).wav,sound_violin
WaveDrum02_39KD (54).wav,sound_violin
WaveDrum02_39KD (55).wav,sound_violin
WaveDrum02_39KD (56).wav,sound_violin
WaveDrum02_39KD (57).wav,sound_violin
WaveDrum02_39KD (58).wav,sound_violin
WaveDrum02_39KD (59).wav,sound_violin
WaveDrum02_39KD (6).wav,sound_violin
WaveDrum02_39KD (60).wav,sound_violin
WaveDrum02_39KD (61).wav,sound_violin
WaveDrum02_39KD (62).wav,sound_violin
WaveDrum02_39KD (63).wav,sound_violin
WaveDrum02_39KD (64).wav,sound_violin
WaveDrum02_39KD (65).wav,sound_violin
WaveDrum02_39KD (66).wav,sound_violin
WaveDrum02_39KD (67).wav,sound_violin
WaveDrum02_39KD (68).wav,sound_violin
WaveDrum02_39KD (69).wav,sound_violin
WaveDrum02_39KD (7).wav,sound_violin
WaveDrum02_39KD (70).wav,sound_violin
WaveDrum02_39KD (71).wav,sound_violin
WaveDrum02_39KD (72).wav,sound_violin
WaveDrum02_39KD (73).wav,sound_violin
WaveDrum02_39KD (74).wav,sound_violin
WaveDrum02_39KD (75).wav,sound_violin
WaveDrum02_39KD (76).wav,sound_violin
WaveDrum02_39KD (77).wav,sound_violin
WaveDrum02_39KD (78).wav,sound_violin
WaveDrum02_39KD (79).wav,sound_violin
WaveDrum02_39KD (8).wav,sound_violin
WaveDrum02_39KD (80).wav,sound_violin
WaveDrum02_39KD (81).wav,sound_violin
WaveDrum02_39KD (82).wav,sound_violin
WaveDrum02_39KD (83).wav,sound_violin
WaveDrum02_39KD (84).wav,sound_violin
WaveDrum02_39KD (85).wav,sound_violin
WaveDrum02_39KD (86).wav,sound_violin
WaveDrum02_39KD (87).wav,sound_violin
WaveDrum02_39KD (88).wav,sound_violin
WaveDrum02_39KD (89).wav,sound_violin
WaveDrum02_39KD (9).wav,sound_violin
WaveDrum02_39KD (90).wav,sound_violin
WaveDrum02_39KD (91).wav,sound_violin
WaveDrum02_39KD (92).wav,sound_violin
WaveDrum02_39KD (93).wav,sound_violin
WaveDrum02_39KD (94).wav,sound_violin
WaveDrum02_39KD (95).wav,sound_violin
WaveDrum02_39KD (96).wav,sound_violin
WaveDrum02_39KD (97).wav,sound_violin
WaveDrum02_39KD (98).wav,sound_violin
WaveDrum02_39KD (99).wav,sound_violin
WaveDrum02_43HH (1).wav,sound_violin
WaveDrum02_43HH (10).wav,sound_violin
WaveDrum02_43HH (100).wav,sound_violin
WaveDrum02_43HH (101).wav,sound_violin
WaveDrum02_43HH (102).wav,sound_violin
WaveDrum02_43HH (103).wav,sound_violin
WaveDrum02_43HH (104).wav,sound_violin
WaveDrum02_43HH (105).wav,sound_violin
WaveDrum02_43HH (106).wav,sound_violin
WaveDrum02_43HH (107).wav,sound_violin
WaveDrum02_43HH (108).wav,sound_violin
WaveDrum02_43HH (109).wav,sound_violin
WaveDrum02_43HH (11).wav,sound_violin
WaveDrum02_43HH (110).wav,sound_violin
WaveDrum02_43HH (111).wav,sound_violin
WaveDrum02_43HH (112).wav,sound_violin
WaveDrum02_43HH (113).wav,sound_violin
WaveDrum02_43HH (114).wav,sound_violin
WaveDrum02_43HH (115).wav,sound_violin
WaveDrum02_43HH (116).wav,sound_violin
WaveDrum02_43HH (117).wav,sound_violin
WaveDrum02_43HH (118).wav,sound_violin
WaveDrum02_43HH (119).wav,sound_violin
WaveDrum02_43HH (12).wav,sound_violin
WaveDrum02_43HH (120).wav,sound_violin
WaveDrum02_43HH (121).wav,sound_violin
WaveDrum02_43HH (122).wav,sound_violin
WaveDrum02_43HH (123).wav,sound_violin
WaveDrum02_43HH (124).wav,sound_violin
WaveDrum02_43HH (125).wav,sound_violin
WaveDrum02_43HH (126).wav,sound_violin
WaveDrum02_43HH (127).wav,sound_violin
WaveDrum02_43HH (128).wav,sound_violin
WaveDrum02_43HH (129).wav,sound_violin
WaveDrum02_43HH (13).wav,sound_violin
WaveDrum02_43HH (130).wav,sound_violin
WaveDrum02_43HH (131).wav,sound_violin
WaveDrum02_43HH (132).wav,sound_violin
WaveDrum02_43HH (133).wav,sound_violin
WaveDrum02_43HH (14).wav,sound_violin
WaveDrum02_43HH (15).wav,sound_violin
WaveDrum02_43HH (16).wav,sound_violin
WaveDrum02_43HH (17).wav,sound_violin
WaveDrum02_43HH (18).wav,sound_violin
WaveDrum02_43HH (19).wav,sound_violin
WaveDrum02_43HH (2).wav,sound_violin
WaveDrum02_43HH (20).wav,sound_violin
WaveDrum02_43HH (21).wav,sound_violin
WaveDrum02_43HH (22).wav,sound_violin
WaveDrum02_43HH (23).wav,sound_violin
WaveDrum02_43HH (24).wav,sound_violin
WaveDrum02_43HH (25).wav,sound_violin
WaveDrum02_43HH (26).wav,sound_violin
WaveDrum02_43HH (27).wav,sound_violin
WaveDrum02_43HH (28).wav,sound_violin
WaveDrum02_43HH (29).wav,sound_violin
WaveDrum02_43HH (3).wav,sound_violin
WaveDrum02_43HH (30).wav,sound_violin
WaveDrum02_43HH (31).wav,sound_violin
WaveDrum02_43HH (32).wav,sound_violin
WaveDrum02_43HH (33).wav,sound_violin
WaveDrum02_43HH (34).wav,sound_violin
WaveDrum02_43HH (35).wav,sound_violin
WaveDrum02_43HH (36).wav,sound_violin
WaveDrum02_43HH (37).wav,sound_violin
WaveDrum02_43HH (38).wav,sound_violin
WaveDrum02_43HH (39).wav,sound_violin
WaveDrum02_43HH (4).wav,sound_violin
WaveDrum02_43HH (40).wav,sound_violin
WaveDrum02_43HH (41).wav,sound_violin
WaveDrum02_43HH (42).wav,sound_violin
WaveDrum02_43HH (43).wav,sound_violin
WaveDrum02_43HH (44).wav,sound_violin
WaveDrum02_43HH (45).wav,sound_violin
WaveDrum02_43HH (46).wav,sound_violin
WaveDrum02_43HH (47).wav,sound_violin
WaveDrum02_43HH (48).wav,sound_violin
WaveDrum02_43HH (49).wav,sound_violin
WaveDrum02_43HH (5).wav,sound_violin
WaveDrum02_43HH (50).wav,sound_violin
WaveDrum02_43HH (51).wav,sound_violin
WaveDrum02_43HH (52).wav,sound_violin
WaveDrum02_43HH (53).wav,sound_violin
WaveDrum02_43HH (54).wav,sound_violin
WaveDrum02_43HH (55).wav,sound_violin
WaveDrum02_43HH (56).wav,sound_violin
WaveDrum02_43HH (57).wav,sound_violin
WaveDrum02_43HH (58).wav,sound_violin
WaveDrum02_43HH (59).wav,sound_violin
WaveDrum02_43HH (6).wav,sound_violin
WaveDrum02_43HH (60).wav,sound_violin
WaveDrum02_43HH (61).wav,sound_violin
WaveDrum02_43HH (62).wav,sound_violin
WaveDrum02_43HH (63).wav,sound_violin
WaveDrum02_43HH (64).wav,sound_violin
WaveDrum02_43HH (65).wav,sound_violin
WaveDrum02_43HH (66).wav,sound_violin
WaveDrum02_43HH (67).wav,sound_violin
WaveDrum02_43HH (68).wav,sound_violin
WaveDrum02_43HH (69).wav,sound_violin
WaveDrum02_43HH (7).wav,sound_violin
WaveDrum02_43HH (70).wav,sound_violin
WaveDrum02_43HH (71).wav,sound_violin
WaveDrum02_43HH (72).wav,sound_violin
WaveDrum02_43HH (73).wav,sound_violin
WaveDrum02_43HH (74).wav,sound_violin
WaveDrum02_43HH (75).wav,sound_violin
WaveDrum02_43HH (76).wav,sound_violin
WaveDrum02_43HH (77).wav,sound_violin
WaveDrum02_43HH (78).wav,sound_violin
WaveDrum02_43HH (79).wav,sound_violin
WaveDrum02_43HH (8).wav,sound_violin
WaveDrum02_43HH (80).wav,sound_violin
WaveDrum02_43HH (81).wav,sound_violin
WaveDrum02_43HH (82).wav,sound_violin
WaveDrum02_43HH (83).wav,sound_violin
WaveDrum02_43HH (84).wav,sound_violin
WaveDrum02_43HH (85).wav,sound_violin
WaveDrum02_43HH (86).wav,sound_violin
WaveDrum02_43HH (87).wav,sound_violin
WaveDrum02_43HH (88).wav,sound_violin
WaveDrum02_43HH (89).wav,sound_violin
WaveDrum02_43HH (9).wav,sound_violin
WaveDrum02_43HH (90).wav,sound_violin
WaveDrum02_43HH (91).wav,sound_violin
WaveDrum02_43HH (92).wav,sound_violin
WaveDrum02_43HH (93).wav,sound_violin
WaveDrum02_43HH (94).wav,sound_violin
WaveDrum02_43HH (95).wav,sound_violin
WaveDrum02_43HH (96).wav,sound_violin
WaveDrum02_43HH (97).wav,sound_violin
WaveDrum02_43HH (98).wav,sound_violin
WaveDrum02_43HH (99).wav,sound_violin
WaveDrum02_45SD (1).wav,sound_violin
WaveDrum02_45SD (10).wav,sound_violin
WaveDrum02_45SD (100).wav,sound_violin
WaveDrum02_45SD (101).wav,sound_violin
WaveDrum02_45SD (102).wav,sound_violin
WaveDrum02_45SD (103).wav,sound_violin
WaveDrum02_45SD (104).wav,sound_violin
WaveDrum02_45SD (105).wav,sound_violin
WaveDrum02_45SD (106).wav,sound_violin
WaveDrum02_45SD (107).wav,sound_violin
WaveDrum02_45SD (108).wav,sound_violin
WaveDrum02_45SD (109).wav,sound_violin
WaveDrum02_45SD (11).wav,sound_violin
WaveDrum02_45SD (110).wav,sound_violin
WaveDrum02_45SD (111).wav,sound_violin
WaveDrum02_45SD (112).wav,sound_violin
WaveDrum02_45SD (113).wav,sound_violin
WaveDrum02_45SD (114).wav,sound_violin
WaveDrum02_45SD (115).wav,sound_violin
WaveDrum02_45SD (116).wav,sound_violin
WaveDrum02_45SD (117).wav,sound_violin
WaveDrum02_45SD (118).wav,sound_violin
WaveDrum02_45SD (119).wav,sound_violin
WaveDrum02_45SD (12).wav,sound_violin
WaveDrum02_45SD (120).wav,sound_violin
WaveDrum02_45SD (121).wav,sound_violin
WaveDrum02_45SD (122).wav,sound_violin
WaveDrum02_45SD (123).wav,sound_violin
WaveDrum02_45SD (124).wav,sound_violin
WaveDrum02_45SD (125).wav,sound_violin
WaveDrum02_45SD (126).wav,sound_violin
WaveDrum02_45SD (127).wav,sound_violin
WaveDrum02_45SD (128).wav,sound_violin
WaveDrum02_45SD (129).wav,sound_violin
WaveDrum02_45SD (13).wav,sound_violin
WaveDrum02_45SD (130).wav,sound_violin
WaveDrum02_45SD (131).wav,sound_violin
WaveDrum02_45SD (132).wav,sound_violin
WaveDrum02_45SD (133).wav,sound_violin
WaveDrum02_45SD (134).wav,sound_violin
WaveDrum02_45SD (14).wav,sound_violin
WaveDrum02_45SD (15).wav,sound_violin
WaveDrum02_45SD (16).wav,sound_violin
WaveDrum02_45SD (17).wav,sound_violin
WaveDrum02_45SD (18).wav,sound_violin
WaveDrum02_45SD (19).wav,sound_violin
WaveDrum02_45SD (2).wav,sound_violin
WaveDrum02_45SD (20).wav,sound_violin
WaveDrum02_45SD (21).wav,sound_violin
WaveDrum02_45SD (22).wav,sound_violin
WaveDrum02_45SD (23).wav,sound_violin
WaveDrum02_45SD (24).wav,sound_violin
WaveDrum02_45SD (25).wav,sound_violin
WaveDrum02_45SD (26).wav,sound_violin
WaveDrum02_45SD (27).wav,sound_violin
WaveDrum02_45SD (28).wav,sound_violin
WaveDrum02_45SD (29).wav,sound_violin
WaveDrum02_45SD (3).wav,sound_violin
WaveDrum02_45SD (30).wav,sound_violin
WaveDrum02_45SD (31).wav,sound_violin
WaveDrum02_45SD (32).wav,sound_violin
WaveDrum02_45SD (33).wav,sound_violin
WaveDrum02_45SD (34).wav,sound_violin
WaveDrum02_45SD (35).wav,sound_violin
WaveDrum02_45SD (36).wav,sound_violin
WaveDrum02_45SD (37).wav,sound_violin
WaveDrum02_45SD (38).wav,sound_violin
WaveDrum02_45SD (39).wav,sound_violin
WaveDrum02_45SD (4).wav,sound_violin
WaveDrum02_45SD (40).wav,sound_violin
WaveDrum02_45SD (41).wav,sound_violin
WaveDrum02_45SD (42).wav,sound_violin
WaveDrum02_45SD (43).wav,sound_violin
WaveDrum02_45SD (44).wav,sound_violin
WaveDrum02_45SD (45).wav,sound_violin
WaveDrum02_45SD (46).wav,sound_violin
WaveDrum02_45SD (47).wav,sound_violin
WaveDrum02_45SD (48).wav,sound_violin
WaveDrum02_45SD (49).wav,sound_violin
WaveDrum02_45SD (5).wav,sound_violin
WaveDrum02_45SD (50).wav,sound_violin
WaveDrum02_45SD (51).wav,sound_violin
WaveDrum02_45SD (52).wav,sound_violin
WaveDrum02_45SD (53).wav,sound_violin
WaveDrum02_45SD (54).wav,sound_violin
WaveDrum02_45SD (55).wav,sound_violin
WaveDrum02_45SD (56).wav,sound_violin
WaveDrum02_45SD (57).wav,sound_violin
WaveDrum02_45SD (58).wav,sound_violin
WaveDrum02_45SD (59).wav,sound_violin
WaveDrum02_45SD (6).wav,sound_violin
WaveDrum02_45SD (60).wav,sound_violin
WaveDrum02_45SD (61).wav,sound_violin
WaveDrum02_45SD (62).wav,sound_violin
WaveDrum02_45SD (63).wav,sound_violin
WaveDrum02_45SD (64).wav,sound_violin
WaveDrum02_45SD (65).wav,sound_violin
WaveDrum02_45SD (66).wav,sound_violin
WaveDrum02_45SD (67).wav,sound_violin
WaveDrum02_45SD (68).wav,sound_violin
WaveDrum02_45SD (69).wav,sound_violin
WaveDrum02_45SD (7).wav,sound_violin
WaveDrum02_45SD (70).wav,sound_violin
WaveDrum02_45SD (71).wav,sound_violin
WaveDrum02_45SD (72).wav,sound_violin
WaveDrum02_45SD (73).wav,sound_violin
WaveDrum02_45SD (74).wav,sound_violin
WaveDrum02_45SD (75).wav,sound_violin
WaveDrum02_45SD (76).wav,sound_violin
WaveDrum02_45SD (77).wav,sound_violin
WaveDrum02_45SD (78).wav,sound_violin
WaveDrum02_45SD (79).wav,sound_violin
WaveDrum02_45SD (8).wav,sound_violin
WaveDrum02_45SD (80).wav,sound_violin
WaveDrum02_45SD (81).wav,sound_violin
WaveDrum02_45SD (82).wav,sound_violin
WaveDrum02_45SD (83).wav,sound_violin
WaveDrum02_45SD (84).wav,sound_violin
WaveDrum02_45SD (85).wav,sound_violin
WaveDrum02_45SD (86).wav,sound_violin
WaveDrum02_45SD (87).wav,sound_violin
WaveDrum02_45SD (88).wav,sound_violin
WaveDrum02_45SD (89).wav,sound_violin
WaveDrum02_45SD (9).wav,sound_violin
WaveDrum02_45SD (90).wav,sound_violin
WaveDrum02_45SD (91).wav,sound_violin
WaveDrum02_45SD (92).wav,sound_violin
WaveDrum02_45SD (93).wav,sound_violin
WaveDrum02_45SD (94).wav,sound_violin
WaveDrum02_45SD (95).wav,sound_violin
WaveDrum02_45SD (96).wav,sound_violin
WaveDrum02_45SD (97).wav,sound_violin
WaveDrum02_45SD (98).wav,sound_violin
WaveDrum02_45SD (99).wav,sound_violin
WaveDrum02_45SD (94)_aug0_ps-2.wav,sound_violin
